"topic","q_code_common","q_label","y2006","y2006_wording","y2007","y2007_wording","y2008","y2008_wording","y2009","y2009_wording","y2010","y2010_wording","y2011","y2011_wording","y2012","y2012_wording","y2013","y2013_wording","y2014","y2014_wording","y2015","y2015_wording","y2016","y2016_wording","y2017","y2017_wording","y2018","y2018_wording","y2019","y2019_wording"
"abortion","abortion_20weeks","Ban abortion after 20 weeks",NA,NA,NA,NA,NA,NA,NA,NA,NA,NA,NA,NA,NA,NA,NA,NA,"CC14_323_3","Do you support or oppose each of the following proposals? . . . Prohibit abortions after the 20th week of pregnancy","CC15_322c","Do you support or oppose each of the following proposals? Ban abortions after the 20th week of pregnancy","CC16_332c","Do you support or oppose each of the following proposals? Prohibit all abortions after the 20th week of pregnancy","CC17_332c","Do you support or oppose each of the following proposals? Ban abortions after the 20th week of pregnancy","CC18_321c","Do you support or oppose each of the following proposals? Ban abortions after the 20th week of pregnancy","CC19_321c","Ban abortions after the 20th week of pregnancy"
"abortion","abortion_always","Always allow abortion",NA,NA,NA,NA,NA,NA,NA,NA,NA,NA,NA,NA,NA,NA,NA,NA,"CC14_323_1","Do you support or oppose each of the following proposals? . . . Always allow a woman to obtain an abortion as a matter of choice","CC15_322a","Do you support or oppose each of the following proposals? Always allow a woman to obtain an abortion as a matter of choice","CC16_332a","Do you support or oppose each of the following proposals? Always allow a woman to obtain an abortion as a matter of choice","CC17_332a","Do you support or oppose each of the following proposals? Always allow a woman to obtain an abortion as a matter of choice","CC18_321a","Do you support or oppose each of the following proposals? Always allow a woman to obtain an abortion as a matter of choice","CC19_321a","Always allow a woman to obtain an abortion as a matter of choice"
"abortion","abortion_conditional","Allow abortion only under certain cases",NA,NA,NA,NA,NA,NA,NA,NA,NA,NA,NA,NA,NA,NA,NA,NA,"CC14_323_2","Do you support or oppose each of the following proposals? . . . Permit abortion only in cases of rape, incest, or when the womans life is in danger","CC15_322b","Do you support or oppose each of the following proposals? Permit abortion ONLY in case of rape, incest or when the woman's life is in danger","CC16_332b","Do you support or oppose each of the following proposals? Permit abortion only in case of rape, incest or when the woman's life is in danger","CC17_332b","Do you support or oppose each of the following proposals? Permit abortion only in case of rape, incest or when the woman's life is in danger","CC18_321b","Do you support or oppose each of the following proposals? Permit abortion ONLY in case of rape, incest or when the woman's life is in danger","CC19_321b","Permit abortion ONLY in case of rape, incest or when the woman's life is in danger"
"abortion","abortion_coverage","Employer coverage of abortion",NA,NA,NA,NA,NA,NA,NA,NA,NA,NA,NA,NA,NA,NA,NA,NA,"CC14_323_4","Do you support or oppose each of the following proposals? . . . Allow employers to decline coverage of abortions in insurance plans","CC15_322d","Do you support or oppose each of the following proposals? Allow employers to decline coverage of abortions in insurance plans","CC16_332d","Do you support or oppose each of the following proposals? Allow employers to decline coverage of abortions in insurance plans","CC17_332d","Do you support or oppose each of the following proposals? Allow employers to decline coverage of abortions in insurance plans","CC18_321d","Do you support or oppose each of the following proposals? Allow employers to decline coverage of abortions in insurance plans",NA,NA
"abortion","abortion_expenditures","Prohibit expenditures for abortion",NA,NA,NA,NA,NA,NA,NA,NA,NA,NA,NA,NA,NA,NA,NA,NA,"CC14_323_5","Do you support or oppose each of the following proposals? . . . Prohibit the expenditure of funds authorized or appropriated by federal law for any abortion","CC15_322e","Do you support or oppose each of the following proposals? Prohibit the expenditure of funds authorized or appropriated by federal law for any abortion.","CC16_332e","Do you support or oppose each of the following proposals? Prohibit the expenditure of funds authorized or appropriated by federal law for any abortion","CC17_332e","Do you support or oppose each of the following proposals? Prohibit the expenditure of funds authorized or appropriated by federal law for any abortion.","CC18_321e","Do you support or oppose each of the following proposals? Prohibit the expenditure of funds authorized or appropriated by federal law for any abortion.","CC19_321d","Prohibit the expenditure of funds authorized or appropriated by federal law for any abortion except to save the life of the woman, or if the pregnancy arises from incest or rape"
"abortion","abortion_prohibition","Total prohibition of abortion",NA,NA,NA,NA,NA,NA,NA,NA,NA,NA,NA,NA,NA,NA,NA,NA,NA,NA,"CC15_322f","Do you support or oppose each of the following proposals? Make abortions illegal in all circumstances.","CC16_332f","Do you support or oppose each of the following proposals? Make abortions illegal in all circumstances","CC17_332f","Do you support or oppose each of the following proposals? Make abortion illegal in all circumstances.","CC18_321f","Do you support or oppose each of the following proposals? Make abortion illegal in all circumstances.","CC19_321e","Make abortions illegal in all circumstances"
"abortion","abortion_scale","Support scale for access to abortion (1 = Never permit, 4 = Always allow)","v3019","There has been some discussion about abortion during recent years.  Which one of the opinions on this page best agrees with your view on this issue? [1 By law, abortion should never be permitted, 2 The law should permit abortion only in case of rape, incest or when the woman's life is in danger, 3 The law should permit abortion for reasons other than rape, incest, or danger to the woman's  life, but only after the need for the abortion has been clearly established, 4 By law, a woman should always be able to  obtain an abortion as a matter of personal choice]","CC06_V3019","There has been some discussion about abortion during recent years. Which one of the opinions on this page best agrees with your view on this issue? [1 By law, abortion should never be permitted, 2 The law should permit abortion only in case of rape, incest, 3 The law should permit abortion for reasons other than rape, 4 By law, a woman should always be able to obtain an abortion]","cc310","Which one of the opinions on this page best agrees with your view on abortion? [1 By law, abortion should never be permitted, 2 The law should permit abortion only in case of rape, incest or when the womans life is in danger, 3 The law should permit abortion for reasons other than rape, incest, or danger to the womans life, but only after the need for the abortion has been clearly established, 4 By law, a woman should always be able to obtain an abortion as a matter of personal choice]","cc09_53","Abortion","CC324","Which one of the opinions on this page best agrees with your view on abortion? [1 By law, abortion should never be permitted, 2 The law should permit abortion only in case of rape, incest or when the womans life is in danger, 3 The law should permit abortion for reasons other than rape, incest, or danger to the womans life, but only after the need for the abortion has been clearly established, 4 By law, a woman should always be able to obtain an abortion as a matter of personal choice]","CC352","Abortion","CC324","Which one of the opinions on this page best agrees with your view on abortion? [1 By law, abortion should never be permitted, 2 The law should permit abortion only in case of rape, incest or when the womans life is in danger, 3 The law should permit abortion for reasons other than rape, incest, or danger to the womans life, but only after the need for the abortion has been clearly established, 4 By law, a woman should always be able to obtain an abortion as a matter of personal choice]","CC327","Which one of the opinions on this page best agrees with your view on abortion? [1 By law, abortion should never bepermitted, 2 The law should permit abortion only incase of rape, incest or when thewoman's life is in danger, 3 The law should permit abortion forreasons other than rape, incest, ordanger to the woman's life, but onlyafter the need for the abortion has beenclearly established, 4 By law, a woman should always be ableto obtain an abortion as a matter ofpersonal choice]",NA,NA,NA,NA,NA,NA,NA,NA,NA,NA,NA,NA
"environment","enviro_35mpg","Raise fuel efficiency from 25 to 35 mpg",NA,NA,NA,NA,NA,NA,NA,NA,NA,NA,NA,NA,NA,NA,NA,NA,"CC14_326_2","Raise required fuel efficiency for the average automobile from 25 mpg to 35 mpg.","CC15_323_2","Do you support or oppose each of the following proposals? Raise required fuel efficiency for the average automobile from 25 mpg to 35 mpg.","CC16_333b","Do you support or oppose each of the following proposals? Raise required fuel efficiency for the average automobile from 25 mpg to 35 mpg.","CC17_333b","Do you support or oppose each of the following proposals? Raise required fuel efficiency for the average automobile from 25 mpg to 35 mpg.","CC18_415b","Do you support or oppose each of the following proposals? Lower the required fuel efficiency for the average automobile from 35 mpg to 25 mpg.",NA,NA
"environment","enviro_airwateracts","Strengthen EPA enforcement of Clean Air and Water acts",NA,NA,NA,NA,NA,NA,NA,NA,NA,NA,NA,NA,NA,NA,NA,NA,"CC14_326_4","Environmental Protection Agency strengthening enforcement of the Clean Air Act even if it costs US jobs","CC15_323_4","Do you support or oppose each of the following proposals? Strengthen the Environmental Protection Agency enforcement of the Clean Air Act and Clean Water Act even if costs US jobs","CC16_333d","Do you support or oppose each of the following proposals? Strengthen enforcement of the Clean Air Act and Clean Water Act even if costs US jobs","CC17_333d","Do you support or oppose each of the following proposals? Strengthen the Environmental Protection Agency enforcement of the Clean Air Act and Clean Water Act even if it costs U.S. jobs.","CC18_415d","Do you support or oppose each of the following proposals? Strengthen the Environmental Protection Agency enforcement of the Clean Air Act and Clean Water Act even if it costs US jobs","CC19_340c","Strengthen the Environmental Protection Agency enforcement of the Clean Air Act and Clean Water Act even if it costs U.S. jobs"
"environment","enviro_carbon","Allow EPA to regulate carbon dioxide emissions",NA,NA,NA,NA,NA,NA,NA,NA,NA,NA,NA,NA,NA,NA,NA,NA,"CC14_326_1","Do you support or oppose each of the following policies? Environmental Protection Agency regulating carbon emissions","CC15_323_1","Do you support or oppose each of the following proposals? Give Environmental Protection Agency power to regulate Carbon Dioxide emissions","CC16_333a","Do you support or oppose each of the following proposals? Give Environmental Protection Agency power to regulate Carbon Dioxide emissions","CC17_333a","Do you support or oppose each of the following proposals? Give Environmental Protection Agency power to regulate Carbon Dioxide emissions.","CC18_415a","Do you support or oppose each of the following proposals? Give the Environmental Protection Agency power to regulate Carbon Dioxide emissions","CC19_340a","Give the Environmental Protection Agency power to regulate Carbon Dioxide emissions"
"environment","enviro_renewable","Require states use a minimum amount of renewable fuels",NA,NA,NA,NA,NA,NA,NA,NA,NA,NA,NA,NA,NA,NA,NA,NA,"CC14_326_3","Do you support or oppose each of the following policies? Your state requiring the use of a minimum amount of renewable fuels (wind, solar, and hydroelectric) in the generation of electricity even if electricity prices increase a little?","CC15_323_3","Do you support or oppose each of the following proposals? Require that each state use a minimum amount of renewable fuels (wind, solar, and hydroelectric) in the generation of electricity even if electricity prices increase a little","CC16_333c","Do you support or oppose each of the following proposals? Require that each state use a minimum amount of renewable fuels (wind, solar, and hydroelectric) in the generation of electricity even if electricity prices increase somewhat","CC17_333c","Do you support or oppose each of the following proposals? Require that each state use a minimum amount of renewable fuels (wind, solar, and hydroelectric) in the generation of electricity even if the electricity prices increase a little.","CC18_415c","Do you support or oppose each of the following proposals? Require that each state use a minimum amount of renewable fuels (wind, solar, and hydroelectric) in the generation of electricity even if electricity prices increase","CC19_340b","Require that each state use a minimum amount of renewable fuels (wind, solar, and hydroelectric) in the generation of electricity even if electricity prices increase a little"
"environment","enviro_scale","Opposition scale to climate change (1 = serious problem, 5 = not occuring)","v2092","From what you know about global climate change or global warming, which one of the following statements comes closest to your opinion? [1 Global climate change has been established as a serious problem, and immediate action is necessary. 2 There is enough evidence that climate change is taking place and some action should be taken. 3 We don't know enough about global climate change, and more research is necessary before we take any actions. 4 Concern about global climate change is unwarranted.]","CC06_V2092","From what you know about global climate change or global warming, which one of the following statements comes closest to your opinion? [1 Immediate action, 2 Some action, 3 More research, 4 Concern unwarranted]",NA,NA,"cc09_51","Global Warming","CC321","From what you know about global climate change or global warming, which one of the following statements comes closest to your opinion? [1 Global climate change has been established as a serious problem, and immediate action is necessary. 2 here is enough evidence that climate change is taking place and some action should be taken. 3 We don’t know enough about global climate change, and more research is necessary before taking any actions. 4 Concern about global climate change is exaggerated. No action is necessary. 5 Global climate change is not occurring; this is not a real issue.]","CC350","Climate","CC321","From what you know about global climate change or global warming, which one of the following statements comes closest to your opinion? [1 Global Climate change has been established as a serious problem, and immediate action is necessary. 2 There is enough evidence that climate change is taking place and some action should be taken. 3 We don't know enough about global climate change, and more research is necessary before we take any actions. 4 Concern about global climate chane is exaggerated. No action is necessary. 5 Global climate change is not occurring; this is not a real issue]",NA,NA,NA,NA,NA,NA,NA,NA,NA,NA,NA,NA,NA,NA
"environment","enviro_vs_jobs","Preference scale between environmental protection and job availability (1=Environmental protection, 5=Job protection)","v3022","Some people think it is important to protect the environment even if it costs some jobs or otherwise reduces our standard of living. Other people think that protecting the environment is not as important as maintaining jobs and our standard of living.  Which is closer to the way you feel, or haven't you thought much about this?","CC06_V3022","Some people think it is important to protect the environment even if it costs some jobs or otherwise reduces our standard of living. Other people think that protecting the environment is not as important as maintaining jobs and our standard of living. Which is closer to the way you feel, or haven't you thought much about this?","cc311","Some people think it is important to protect the environment even if it costs some jobs or otherwise reduces our standard of living. Other people think that protecting the environment is not as important as maintaining jobs and our standard of living. Which is closer to the way you feel, or haven't you thought much about this?",NA,NA,"CC325","Some people think it is important to protect the environment even if it costs some jobs or otherwise reduces our standard of living. Other people think that protecting the environment is not as important as maintaining jobs and our standard of living. Which is closer to the way you feel, or haven't you thought much about this?",NA,NA,"CC325","Some people think it is important to protect the environment even if it costs some jobs or otherwise reduces our standard of living. Other people think that protecting the environment is not as important as maintaining jobs and our standard of living. Which is closer to the way you feel, or haven’t you thought much about this?","CC328","Some people think it is important to protect the environment even if it costs some jobs or otherwise reduces our standard of living. Other people think that protecting the environment is not as important as maintaining jobs and our standard of living. Which is closer to the way you feel, or haven't you thought much about this?",NA,NA,NA,NA,NA,NA,NA,NA,NA,NA,NA,NA
"guns","guns_assaultban","Ban assault rifles",NA,NA,NA,NA,NA,NA,NA,NA,NA,NA,NA,NA,NA,NA,"CC13_320d","On the issue of gun regulation, are you for or against each of the following proposals? Ban assault rifles","CC14_320d","On the issue of gun regulation, are you for or against each of the following . . . Ban assault rifles","CC15_320c","On the issue of gun regulation, are you for or against each of the following proposals? Ban assault rifles","CC16_330d","On the issue of gun regulation, do you support or oppose each of the following proposals? Ban assault rifles","CC17_330c","On the issue of gun regulation, are you for or against each of the following proposals? Ban assault rifles","CC18_320c","On the issue of gun regulation, are you for or against each of the following proposals? Ban assault rifles","CC19_320c","Ban assault rifles"
"guns","guns_bgchecks","Background checks for guns for all sales",NA,NA,NA,NA,NA,NA,NA,NA,NA,NA,NA,NA,NA,NA,"CC13_320a","On the issue of gun regulation, are you for or against each of the following proposals? Background checks for all sales, including at gun shows and over the Internet","CC14_320a","On the issue of gun regulation, are you for or against each of the following . . . Background Checks","CC15_320a","On the issue of gun regulation, are you for or against each of the following proposals? Background checks for all sales, including at gun shows and over the Internet","CC16_330a","On the issue of gun regulation, do you support or oppose each of the following proposals? Background checks for all sales, including at gun shows and over the Internet","CC17_330a","On the issue of gun regulation, are you for or against each of the following proposals? Background checks for all sales, including at gun shows and over the Internet","CC18_320a","On the issue of gun regulation, are you for or against each of the following proposals? Background checks for all sales, including at gun shows and over the Internet","CC19_320a","Background checks for all gun sales, including at gun shows and over the Internet"
"guns","guns_names","Prohibit state and local publishing gun owner names",NA,NA,NA,NA,NA,NA,NA,NA,NA,NA,NA,NA,NA,NA,"CC13_320b","On the issue of gun regulation, are you for or against each of the following proposals? Prohibit state and local governments from publishing the names and addresses of all gun owners","CC14_320b","On the issue of gun regulation, are you for or against each of the following . . . Prohibit state and local governments from publishing the names and addresses of all gun owners","CC15_320b","On the issue of gun regulation, are you for or against each of the following proposals? Prohibit state and local governments from publishing the names and addresses of all gun owners","CC16_330b","On the issue of gun regulation, do you support or oppose each of the following proposals? Prohibit state and local governments from publishing the names and addresses of all gun owners","CC17_330b","On the issue of gun regulation, are you for or against each of the following proposals? Prohibit state and local governments from publishing the names and addresses of all gun owners",NA,NA,NA,NA
"guns","guns_permits","Ease ability to obtain concealed-carry permits",NA,NA,NA,NA,NA,NA,NA,NA,NA,NA,NA,NA,NA,NA,"CC13_320e","On the issue of gun regulation, are you for or against each of the following proposals? Make it easier for people to obtain concealed-carry permit","CC14_320e","On the issue of gun regulation, are you for or against each of the following . . . Make it easier for people to obtain concealed weapons permits","CC15_320d","On the issue of gun regulation, are you for or against each of the following proposals? Make it easier for people to obtain concealed-carry permit","CC16_330e","On the issue of gun regulation, do you support or oppose each of the following proposals? Make it easier for people to obtain concealed-carry permit","CC17_330d","On the issue of gun regulation, are you for or against each of the following proposals? Make it easier for people to obtain concealed-carry permit","CC18_320d","On the issue of gun regulation, are you for or against each of the following proposals? Make it easier for people to obtain concealed-carry permit","CC19_320d","Make it easier for people to obtain concealed-carry permit"
"guns","guns_scale","Restriction scale on gun sales (1 = More strict, 2 = Less strict, 3 = Same)",NA,NA,NA,NA,NA,NA,NA,NA,"CC320","In general, do you feel that the laws covering the sale of firearms should be made more strict, less strict, or kept as they are?",NA,NA,"CC320","In general, do you feel that the laws covering the sale of firearms should be... [1 More Strict, 2 Less Strict, 3 Kept As They Are]",NA,NA,NA,NA,NA,NA,NA,NA,NA,NA,NA,NA,NA,NA
"immigration","immig_border","Increase border security between US-Mexico",NA,NA,"CC12x_4","What do you think Congress and the President should do about immigration? Select all that apply. Increase the number of border patrol on the US-Mexican border.",NA,NA,NA,NA,"CC322_4","What do you think the U.S. government should do about immigration? Select all that apply. Increase the number of border patrols on the US-Mexican border.","CC351_2","Immigration - Increase border presence","CC322_2","Increase the number of border patrols on the US-Mexican border.","CC326_2","What do you think the U.S. government should do about immigration? Select all that apply. Increase the number of border patrols on the U.S.-Mexican border.","CC14_322_2","What do you think the government should do about immigration? Select all that apply . . . Increase Border Patrols along the US-Mexico border","CC15_321_2","What do you think the U.S. government should do about immigration? Select all that apply. Increase the number of border patrols on the US-Mexican border.","CC16_331_2","What do you think the U.S. government should do about immigration? Select all that apply. Immigration - Increase the number of border patrols on the U.S.-Mexican border","CC17_331_2","What do you think the U.S. government should do about immigration? Select all that apply. Increase the number of border patrols on the U.S.-Mexican border.","CC18_322a","What do you think the U.S. government should do about immigration? Do you support or oppose each of the following? Increase spending on border security by 25 billion, including building a wall between the U.S. and Mexico.","CC19_322e","Increase the number of border patrols on the U.S.-Mexican border."
"immigration","immig_employer","Sanction employers hiring undocumented",NA,NA,"CC12x_1","What do you think Congress and the President should do about immigration? Select all that apply. Fine US businesses that hire illegal immigrants.",NA,NA,NA,NA,"CC322_1","What do you think the U.S. government should do about immigration? Select all that apply. Fine Businesses",NA,NA,"CC322_4","Fine US businesses that hire illegal immigrants.","CC326_4","What do you think the U.S. government should do about immigration? Select all that apply. Fine U.S. businesses that hire illegal immigrants.","CC14_322_4","What do you think the government should do about immigration? Select all that apply . . . Fine US businesses that hire illegal immigrants","CC15_321_4","What do you think the U.S. government should do about immigration? Select all that apply. Fine US businesses that hire illegal immigrants.","CC16_331_4","What do you think the U.S. government should do about immigration? Select all that apply. Immigration - Fine U.S. businesses that hire illegal immigrants","CC17_331_4","What do you think the U.S. government should do about immigration? Select all that apply. Fine U.S. businesses that hire illegal immigrants.",NA,NA,NA,NA
"immigration","immig_legalize","Grant conditional legal status to undocumented",NA,NA,"CC12x_2","What do you think Congress and the President should do about immigration? Select all that apply. Grant legal status to all illegal immigrants who have held jobs and paid taxes for at least 3 years, and not been convicted of any felony crimes.",NA,NA,NA,NA,"CC322_2","What do you think the U.S. government should do about immigration? Select all that apply. Grant legal status to all illegal immigrants who have held jobs and paid taxes for at least 3 years, and not been convicted of any felony crimes.","CC351_1","Immigration - Amnesty for long term residents","CC322_1","Grant legal status to all illegal immigrants who have held jobs and paid taxes for at least 3 years, and not been convicted of any felony crimes.","CC326_1","What do you think the U.S. government should do about immigration? Select all that apply. Grant legal status to all illegal immigrants who have held jobs and paid taxes for at least 3 years, and not been convicted of any felony crimes.","CC14_322_1","What do you think the government should do about immigration? Select all that apply . . . Grant legal status to all illegal immigrants who have held jobs and paid taxes for at least 3 years, and not been convicted of any felony crimes","CC15_321_1","What do you think the U.S. government should do about immigration? Select all that apply. Grant legal status to all illegal immigrants who have held jobs and paid taxes for at least 3 years, and not been convicted of any felony crimes.","CC16_331_1","What do you think the U.S. government should do about immigration? Select all that apply. Immigration - Grant legal status to all illegal immigrants who have held jobs and paid taxes for at least 3 years, and not been convicted of any felony crimes","CC17_331_1","What do you think the U.S. government should do about immigration? Select all that apply. Grant legal status to all illegal immigrants who have held jobs and paid taxes for at least 3 years, and not been convicted of any felony crimes.",NA,NA,"CC19_322d","Grant legal status to all illegal immigrants who have held jobs and paid taxes for at least 3 years, and not been convicted of any felony crimes."
"immigration","immig_police","Allow police questioning of suspected undocumented",NA,NA,NA,NA,NA,NA,NA,NA,"CC322_5","What do you think the U.S. government should do about immigration? Select all that apply. Allow police to question anyone they think may be in the country illegally.","CC351_3","Immigration - Police question those reasonably suspected of being illegal","CC322_3","Allow police to question anyone they think may be in the country illegally.","CC326_3","What do you think the U.S. government should do about immigration? Select all that apply. Allow police to question anyone they think may be in the country illegally.","CC14_322_3","What do you think the government should do about immigration? Select all that apply . . . Allow police to question anyone they think may be in the country illegally.","CC15_321_3","What do you think the U.S. government should do about immigration? Select all that apply. Allow police to question anyone they think may be in the country illegally.",NA,NA,"CC17_331_3","What do you think the U.S. government should do about immigration? Select all that apply. Allow police to question anyone they think may be in the country illegally.",NA,NA,NA,NA
"immigration","immig_services","Prohibit services to immigrants",NA,NA,NA,NA,NA,NA,NA,NA,NA,NA,NA,NA,"CC322_5","Prohibit illegal immigrants from using emergency hospital care and public schools.","CC326_5","What do you think the U.S. government should do about immigration? Select all that apply. Prohibit illegal immigrants from using emergency hospital care and public schools.","CC14_322_5","What do you think the government should do about immigration? Select all that apply . . . Identify and deport illegal immigrants",NA,NA,NA,NA,NA,NA,NA,NA,NA,NA
"military","military_democracy","Approve of military to assist in spread democracy","v3032","For each of the following reasons, would you approve of the use of U.S. military troops? Please check all that apply: Military use to Spread democracy","CC06_V3032","For each of the following reasons, would you approve of the use of U.S. military troops? Please check all that apply: Spread of democracy","cc418_4","Would you approve of the use of U.S. military troops in order to...? Assist the spread of democracy",NA,NA,"CC414_4","Would you approve of the use of U.S. military troops in order to...? Assist the spread of democracy","CC356_4","Assist the spread of democracy","CC414_4","Would you approve of the use of U.S. military troops in order to...? Assist the spread of democracy","CC322_4","Would you approve of the use of U.S. military troops in order to...? Assist the spread of democracy","CC414_4","Would you approve of the use of U.S. military troops in order to...? Assist the spread of democracy","CC15_324_4","Would you approve of the use of U.S. military troops in order to...? Assist the spread of democracy","CC16_414_4","Would you approve of the use of U.S. military troops in order to...? Assist the spread of democracy",NA,NA,NA,NA,NA,NA
"military","military_genocide","Approve of military to intervene in genocide or civil war","v3031","For each of the following reasons, would you approve of the use of U.S. military troops? Please check all that apply: Military use to intervene in Genocide or Civil War","CC06_V3031","For each of the following reasons, would you approve of the use of U.S. military troops? Please check all that apply: Intervene in a region where there is genocide or a civil war","cc418_3","Would you approve of the use of U.S. military troops in order to...? Intervene in a region where there is genocide or a civil war",NA,NA,"CC414_3","Would you approve of the use of U.S. military troops in order to...? Intervene in a region where there is genocide or a civil war","CC356_3","Intervene in a region where there is genocide or a civil war","CC414_3","Would you approve of the use of U.S. military troops in order to...? Intervene in a region where there is genocide or a civil war","CC322_3","Would you approve of the use of U.S. military troops in order to...? Intervene in a region where there is genocide or a civil war","CC414_3","Would you approve of the use of U.S. military troops in order to...? Intervene in a region where there is genocide or a civil war","CC15_324_3","Would you approve of the use of U.S. military troops in order to...? Intervene in a region where there is genocide or a civil war","CC16_414_3","Would you approve of the use of U.S. military troops in order to...? Intervene in a region where there is genocide or a civil war",NA,NA,NA,NA,NA,NA
"military","military_helpun","Approve of military to help the United Nations uphold international law","v3034","For each of the following reasons, would you approve of the use of U.S. military troops? Please check all that apply: Military use to Help the United Nations","CC06_V3034","For each of the following reasons, would you approve of the use of U.S. military troops? Please check all that apply: To help the United Nations uphold international law","cc418_6","Would you approve of the use of U.S. military troops in order to...? Help the United Nations uphold international law",NA,NA,"CC414_6","Would you approve of the use of U.S. military troops in order to...? Help the United Nations uphold international law","CC356_6","Help the United Nations uphold international law","CC414_6","Would you approve of the use of U.S. military troops in order to...? Help the United Nations uphold international law","CC322_6","Would you approve of the use of U.S. military troops in order to...? Help the United Nations uphold international law","CC414_6","Would you approve of the use of U.S. military troops in order to...? Help the United Nations uphold international law","CC15_324_6","Would you approve of the use of U.S. military troops in order to...? Help the United Nations uphold international law","CC16_414_6","Would you approve of the use of U.S. military troops in order to...? Help the United Nations uphold international law",NA,NA,NA,NA,NA,NA
"military","military_oil","Approve of military ensuring oil supply","v3029","For each of the following reasons, would you approve of the use of U.S. military troops? Please check all that apply: Military use to ensure the supply of oil","CC06_V3029","For each of the following reasons, would you approve of the use of U.S. military troops? Please check all that apply: To nsure the supply of oil","cc418_1","Would you approve of the use of U.S. military troops in order to...? Ensure the supply of oil",NA,NA,"CC414_1","Would you approve of the use of U.S. military troops in order to...? Ensure the supply of oil","CC356_1","Ensure the supply of oil","CC414_1","Would you approve of the use of U.S. military troops in order to...? Ensure the supply of oil","CC322_1","Would you approve of the use of U.S. military troops in order to...? Ensure the supply of oil","CC414_1","Would you approve of the use of U.S. military troops in order to...? Ensure the supply of oil","CC15_324_1","Would you approve of the use of U.S. military troops in order to...? Ensure the supply of oil","CC16_414_1","Would you approve of the use of U.S. military troops in order to...? Ensure the supply of oil",NA,NA,NA,NA,NA,NA
"military","military_protectallies","Approve of military to protect US allies under attack","v3033","For each of the following reasons, would you approve of the use of U.S. military troops? Please check all that apply: Military use to Protect American Allies","CC06_V3033","For each of the following reasons, would you approve of the use of U.S. military troops? Please check all that apply: Protect American allies","cc418_5","Would you approve of the use of U.S. military troops in order to...? Protect American allies under attack by foreign nations",NA,NA,"CC414_5","Would you approve of the use of U.S. military troops in order to...? Protect American allies under attack by foreign nations","CC356_5","Protect American allies under attack by foreign nations","CC414_5","Would you approve of the use of U.S. military troops in order to...? Protect American allies under attack by foreign nations","CC322_5","Would you approve of the use of U.S. military troops in order to...? Protect American allies under attack by foreign nations","CC414_5","Would you approve of the use of U.S. military troops in order to...? Protect American allies under attack by foreign nations","CC15_324_5","Would you approve of the use of U.S. military troops in order to...? Protect American allies under attack by foreign nations","CC16_414_5","Would you approve of the use of U.S. military troops in order to...? Protect American allies under attack by foreign nations",NA,NA,NA,NA,NA,NA
"military","military_terroristcamp","Approve of military to destroy terrorist camp","v3030","For each of the following reasons, would you approve of the use of U.S. military troops? Please check all that apply: Military use to destroy a Terrorist camp","CC06_V3030","For each of the following reasons, would you approve of the use of U.S. military troops? Please check all that apply: Destroy a terrorist camp","cc418_2","Would you approve of the use of U.S. military troops in order to...? Destroy a terrorist camp",NA,NA,"CC414_2","Would you approve of the use of U.S. military troops in order to...? Destroy a terrorist camp","CC356_2","Destroy a terrorist camp","CC414_2","Would you approve of the use of U.S. military troops in order to...? Destroy a terrorist camp","CC322_2","Would you approve of the use of U.S. military troops in order to...? Destroy a terrorist camp","CC414_2","Would you approve of the use of U.S. military troops in order to...? Destroy a terrorist camp","CC15_324_2","Would you approve of the use of U.S. military troops in order to...? Destroy a terrorist camp","CC16_414_2","Would you approve of the use of U.S. military troops in order to...? Destroy a terrorist camp",NA,NA,NA,NA,NA,NA
"miscellaneous","affirmativeaction","Opposition to affirmative action (1 = Support, 4 = Oppose)",NA,NA,NA,NA,"cc313","Affirmative action programs give preference to racial minorities and to women in employment and college admissions in order to correct for discrimination. Do you support or oppose affirmative action?","cc09_55","Affirmative Action","CC327","Affirmative action programs give preference to racial minorities in employment and college admissions in order to correct for past discrimination. Do you support or oppose affirmative action?","CC354","Affirmative Action","CC327","Affirmative action programs give preference to racial minorities in employment and college admissions in order to correct for past discrimination. Do you support or oppose affirmative action?","CC330","Affirmative action programs give preference to racial minorities in employment and college admissions in order to correct for past discrimination. Do you support or oppose affirmative action?","CC14_328","Affirmative action programs give preference to racial minorities in employment and college admissions in order to correct for past discrimination. Do you support or oppose affirmative action?",NA,NA,NA,NA,NA,NA,NA,NA,NA,NA
"miscellaneous","affirmativeaction_scale","Opposition scale to affirmative action (1 = Strongly support, 7 = Strongly oppose)","v3027","Some people think that if a company has a history of discriminating against blacks when making hiring decisions, then they should be required to have an affirmative action program that gives blacks preference in hiring.    What do you think? Should companies that have discriminated against blacks have to have an affirmative action program?","CC06_V3027","Some people think that if a company has a history of discriminating against blacks when making hiring decisions, then they should be required to have an affirmative action program that gives blacks preference in hiring. What do you think? Should companies that have discriminated against blacks have to have an affirmative action program?",NA,NA,NA,NA,NA,NA,NA,NA,NA,NA,NA,NA,NA,NA,NA,NA,NA,NA,NA,NA,NA,NA,NA,NA
"miscellaneous","gaymarriage","Opposition to gay marriage",NA,NA,NA,NA,"cc316f","Constitutional Amendment banning Gay Marriage","cc09_54","Gay Marriage","CC326","Do you support a Constitutional Amendment banning Gay Marriage?","CC353","Gay Marriage","CC326","Do you favor or oppose allowing gays and lesbians to marry legally?","CC329","Do you favor or oppose allowing gays and lesbians to marry legally?","CC14_327","Do you favor or oppose allowing gays and lesbians to marry legally?","CC15_325","Do you favor or oppose allowing gays and lesbians to marry legally?","CC16_335","Do you favor or oppose allowing gays and lesbians to marry legally?",NA,NA,NA,NA,NA,NA
"miscellaneous","gaymarriage_scale","Opposition scale to gay marriage (1=Strongly support, 4=Strongly oppose)","v2103","President Bush recently spoke out in favor of a Constitutional Amendment defining marriage as strictly between a man and a woman. Do you support or oppose a Constitutional amendment banning gay marriage?","CC06_V2103","President Bush recently spoke out in favor of a Constitutional Amendment defining marriage as strictly between a man and a woman. Do you support or oppose a Constitutional amendment banning gay marriage?",NA,NA,NA,NA,NA,NA,NA,NA,NA,NA,NA,NA,NA,NA,NA,NA,NA,NA,NA,NA,NA,NA,NA,NA
"miscellaneous","incometax_vs_salestax","Preference scale from 0 (increase income tax) to 100 (increase sales tax)","v4042","If the state had to raise taxes, which taxes should it increase? Suppose that your state government has to raise some combination of sales taxes and individual income taxes in the coming year. What share of the tax increase should come from increased income taxes and what share from increased sales taxes? Choose a point along the scale from 100 percent from sales (and none from income) to 100 percent from income (and none from sales). The point in the middle means that any increase in taxes should come equally from sales and income taxes.  If you are not sure, or don't know, please check here: [dk]","CC06_V4042","If the state had to raise taxes, which taxes should it increase? Suppose that your state government has to raise some combination of sales taxes and individual income taxes in the coming year. What share of the tax increase should come from increased income taxes and what share from increased sales taxes? Choose a point along the scale from 100 percent from sales (and none from income) to 100 percent from income (and none from sales). The point in the middle means that any increase in taxes should come equally from sales and income taxes.","cc421","If the state had to raise taxes, what share of the tax increase should come from increased income taxes and what share from increased sales taxes? Choose a point along the scale from 100 percent from sales (and none from income) to 100 percent from income (and none from sales). The point in the middle means that any increase in taxes should come equally from sales and income taxes.  If you are not sure, or don't know, please check the box below... Values in range 0 to 100",NA,NA,"CC416r","If the state had to raise taxes, what share of the tax increase should come from increased income taxes and what share from increased sales taxes? Choose a point along the scale from 100 percent from sales (and none from income) to 100 percent from income (and none from sales). The point in the middle means that any increase in taxes should come equally from sales and income taxes. If you are not sure, or don't know, please check the box below Values in range 0 to 100","CC358","Income vs Sales Tax Rule","CC416r","If the state had to raise taxes, what share of the tax increase should come from increased income taxes and what share from increased sales taxes? Choose a point along the scale from 100 percent from sales (and none from income) to 100 percent from income (and none from sales). The point in the middle means that any increase in taxes should come equally from sales and income taxes. If you are Not sure, or don't know, please check the 'not sure' box.","CC13_324","If the state had to raise taxes, what share of the tax increase should come from increased income taxes and what share from increased sales taxes? Choose a point along the scale from 100 percent from sales (and none from income) to 100 percent from income (and none from sales). The point in the middle means that any increase in taxes should come equally from sales and income taxes. If you are Not sure, or don't know, please check the 'not sure' box.","CC416r","If the state had to raise taxes, what share of the tax increase should come from increased income taxes and what share from increased sales taxes? Choose a point along the scale from 100 percent from sales (and none from income) to 100 percent from income (and none from sales). The point in the middle means that any increase in taxes should come equally from sales and income taxes. If you are Not sure, or don't know, please check the 'not sure' box.","CC15_332","If the state had to raise taxes, what share of the tax increase should come from increased income taxes and what share from increased sales taxes? Choose a point along the scale from 100 percent from sales (and none from income) to 100 percent from income (and none from sales). The point in the middle means that any increase in taxes should come equally from sales and income taxes. If you are Not sure, or don't know, please check the 'Not sure' box.","CC16_416r","If the state had to raise taxes, what share of the tax increase should come from increased income taxes and what share from increased sales taxes? Choose a point along the scale from 100","CC17_344","If the state had to raise taxes, what share of the tax increase should come from increased income taxes and what share from increased sales taxes? Choose a point along the scale from 100 percent from sales (and none from income) to 100 percent from income (and none from sales). The point in the middle means that any increase in taxes should come equally from sales and income taxes. If you are Not sure, or don't know, please check the 'Not sure' box.",NA,NA,NA,NA
"miscellaneous","repealaca","Repeal the Affordable Care Act",NA,NA,NA,NA,NA,NA,NA,NA,NA,NA,NA,NA,"CC332G","Congress Considered many important bills over the past two years. For each of the following tell us whether you support or oppose the legislation in principle. Repeal Affordable Care Act. Would repeal the Affordable Care Act.","CC332C","Congress considered many important bills over the past few years. For each of the following tell us whether you support or oppose the legislation in principle. Repeal Affordable Care Act. Would repeal the Affordable Care Act.","CC14_324_1","The Affordable Health Care Act was passed into law in 2010. It does the following: Requires Americans to obtain health insurance. Prevents insurance companies from denying coverage for pre-existing conditions. Allows people to keep current health insurance and care provider. Sets up national health insurance option for those without coverage, but allows states the option to implement their own insurance system.","CC15_327A","Congress considered many important bills over the past few years. For each of the following tell us whether you support or oppose the legislation in principle. Repeal Affordable Care Act. Would repeal the Affordable Care Act.","CC16_351I","Congress considers many issues. If you were in Congress would you vote FOR or AGAINST each of the following? Repeal Affordable Care Act. Would repeal the Affordable Care Act of 2009 (also known as Obamacare).","CC17_340A","Congress considered many important bills over the past few years. For each of the following tell us whether you support or oppose the legislation in principle. Repeal Affordable Care Act. Would repeal the Affordable Care Act.","CC18_327c","Thinking now about health care policy, would you support or oppose each of the following proposals? Health Care – Repeal the entire Affordable Care Act.","CC19_327d","Repeal the entire Affordable Care Act."
"spending","spending_cuts_least","Least preferred spending cut option (1=Defense, 2=Domestic, 3=Raise taxes)","v4046","What do you least want Congress to do?","CC06_V4046","Should Congress cut spending, raise taxes, or borrow... What do you least want Congress to do?","cc310a","What do you least want Congress to do?",NA,NA,"CC329","The federal budget is approximately 600 billion this year. If the Congress were to balance the budget it would have to consider cutting defense spending, cutting domestic spending (such as Medicare or Social Security), or raising taxes to cover the deficit. What do you least want Congress to do?","CC355b","Budget Balance 2","CC329","The federal budget deficit is approximately 1 trillion this year. If the Congress were to balance the budget it would have to consider cutting defense spending, cutting domestic spending (such as Medicare and Social Security), or raising taxes to cover the deficit. What would you LEAST prefer that Congress do - cut domestic spending, cut defense spending, or raise taxes","CC13_331b","If the state had to raise taxes, what share of the tax increase should come from increased income taxes and what share from increased sales taxes? Choose a point along the scale from 100 percent from sales (and none from income) to 100 percent from income (and none from sales). The point in the middle means that any increase in taxes should come equally from sales and income taxes. If you are Not sure, or don't know, please check the 'not sure' box.","CC14_329b","The federal budget deficit is approximately 500 billion this year. If the Congress were to balance the budget it would have to consider cutting defense spending, cutting domestic spending (such as Medicare and Social Security), or raising taxes to cover the deficit. What do you least want Congress to do?","CC15_333b","The federal budget deficit is approximately 1 trillion this year. If the Congress were to balance the budget it would have to consider cutting defense spending, cutting domestic spending (such as Medicare and Social Security), or raising taxes to cover the deficit. What do you least want Congress to do?",NA,NA,"CC17_345b","The federal budget deficit is approximately 700 billion this year. If the Congress were to balance the budget it would have to consider cutting defense spending, cutting domestic spending (such as Medicare and Social Security), or raising taxes to cover the deficit. What do you least want Congress to do?",NA,NA,NA,NA
"spending","spending_cuts_most","Most preferred spending cut option (1=Defense, 2=Domestic, 3=Raise taxes)","v4044","What would you most prefer that Congress do - cut domestic spending, cut military spending, raise taxes, or borrow funds?","CC06_V4044","What would you most prefer that Congress do - cut domestic spending, cut military spending, raise taxes, or borrow funds?","cc309","What would you most prefer that Congress do - cut domestic spending, cut military spending, or raise taxes?",NA,NA,"CC328","The federal budget is approximately 600 billion this year. If the Congress were to balance the budget it would have to consider cutting defense spending, cutting domestic spending (such as Medicare or Social Security), or raising taxes to cover the deficit. What would you most prefer that Congress do - cut domestic spending, cut defense spending, or raise taxes?","CC355a","Budget Balance 1","CC328","The federal budget deficit is approximately 1 trillion this year. If the Congress were to balance the budget it would have to consider cutting defense spending, cutting domestic spending (such as Medicare and Social Security), or raising taxes to cover the deficit. What would you MOST prefer that Congress do - cut domestic spending, cut defense spending, or raise taxes","CC13_331a","If your state were to have a budget deficit this year it would have to raise taxes on income and sales or cut spending, such as on education, health care, welfare, and road construction. What would you prefer more raising taxes or cutting spending? Choose a point along the scale from 100 percent tax increases (and no spending cuts) to 100 percent spending cuts (and no tax increases). The point in the middle means that the budget should be balanced with equal amounts of spending cuts and tax increases. If you are Not sure, or don't know, please check the 'not sure' box.","CC14_329a","The federal budget deficit is approximately 500 billion this year. If the Congress were to balance the budget it would have to consider cutting defense spending, cutting domestic spending (such as Medicare and Social Security), or raising taxes to cover the deficit. What would you most prefer that Congress do - cut domestic spending, cut defense spending, or raise taxes?","CC15_333a","The federal budget deficit is approximately 1 trillion this year. If the Congress were to balance the budget it would have to consider cutting defense spending, cutting domestic spending (such as Medicare and Social Security), or raising taxes to cover the deficit. What would you most prefer that Congress do - cut domestic spending, cut defense spending, or raise taxes?",NA,NA,"CC17_345a","The federal budget deficit is approximately 700 billion this year. If the Congress were to balance the budget it would have to consider cutting defense spending, cutting domestic spending (such as Medicare and Social Security), or raising taxes to cover the deficit. What would you most prefer that Congress do - cut domestic spending, cut defense spending, or raise taxes?",NA,NA,NA,NA
"spending","spending_education","Spending preferences on education (1 = Increase, 3 = Maintain, 5 = Decrease)",NA,NA,NA,NA,NA,NA,NA,NA,NA,NA,NA,NA,NA,NA,NA,NA,NA,NA,NA,NA,"CC16_426_3","State legislatures must make choices when making spending decisions on important state programs. Would you like your legislature to increase or decrease spending on the five areas below? Education",NA,NA,"CC18_426_3","State legislatures must make choices when making spending decisions on important state programs. Would you like your legislature to increase or decrease spending on the five areas below? Education",NA,NA
"spending","spending_healthcare","Spending preferences on health care (1 = Increase, 3 = Maintain, 5 = Decrease)",NA,NA,NA,NA,NA,NA,NA,NA,NA,NA,NA,NA,NA,NA,NA,NA,NA,NA,NA,NA,"CC16_426_2","State legislatures must make choices when making spending decisions on important state programs. Would you like your legislature to increase or decrease spending on the five areas below? Health Care",NA,NA,"CC18_426_2","State legislatures must make choices when making spending decisions on important state programs. Would you like your legislature to increase or decrease spending on the five areas below? Health Care",NA,NA
"spending","spending_infrastructure","Spending preferences on transportation/infrastructure (1 = Increase, 3 = Maintain, 5 = Decrease)",NA,NA,NA,NA,NA,NA,NA,NA,NA,NA,NA,NA,NA,NA,NA,NA,NA,NA,NA,NA,"CC16_426_5","State legislatures must make choices when making spending decisions on important state programs. Would you like your legislature to increase or decrease spending on the five areas below? Transportation/Infrastructure",NA,NA,"CC18_426_5","State legislatures must make choices when making spending decisions on important state programs. Would you like your legislature to increase or decrease spending on the five areas below? Transportation/Infrastructure",NA,NA
"spending","spending_police","Spending preferences on law enforcement (1 = Increase, 3 = Maintain, 5 = Decrease)",NA,NA,NA,NA,NA,NA,NA,NA,NA,NA,NA,NA,NA,NA,NA,NA,NA,NA,NA,NA,"CC16_426_4","State legislatures must make choices when making spending decisions on important state programs. Would you like your legislature to increase or decrease spending on the five areas below? Law Enforcement",NA,NA,"CC18_426_4","State legislatures must make choices when making spending decisions on important state programs. Would you like your legislature to increase or decrease spending on the five areas below? Law Enforcement",NA,NA
"spending","spending_vs_tax","Preference scale from 0 (increasing taxes) to 100 (spending cuts on education, health care, welfare and construction)","v4040","If your state were to have a budget deficit this year it would have to raise taxes on income or sales or cut spending, such as on education, health care, welfare, and road construction. What would you prefer more raising taxes or cutting spending? Choose a point along the scale from 100 percent tax increases (and no spending cuts) to 100 percent spending cuts (and 0 percent no tax increases). The point in the middle means that any the budget should be balanced with equal amounts of spending cuts and tax increases.  If you are not sure, or don't know, please check here: [dk]","CC06_V4040","If your state were to have a budget deficit this year it would have to raise taxes on income or sales or cut spending, such as on education, health care, welfare, and road construction. What would you prefer more raising taxes or cutting spending? Choose a point along the scale from 100 percent tax increases (and no spending cuts) to 100 percent spending cuts (and 0 percent no tax increases). The point in the middle means that any the budget should be balanced with equal amounts of spending cuts and tax increases.","cc420","If your state were to have a budget deficit this year it would have to raise taxes on income or sales or cut spending, such as on education, health care, welfare, and road construction. What would you prefer more, raising taxes or cutting spending? Choose a point along the scale from 100 percent tax increases (and no spending cuts) to 100 percent spending cuts (and no tax increases). The point in the middle means that the budget should be balanced with equal amounts of spending cuts and tax increases.  If you are not sure, or don't know, please check the box below... Values in range 0 to 100",NA,NA,"CC415r","If your state were to have a budget deficit this year it would have to raise taxes on income or sales or cut spending, such as on education, health care, welfare, and road construction. What would you prefer more, raising taxes or cutting spending? Choose a point along the scale from 100 percent tax increases (and no spending cuts) to 100 percent spending cuts (and no tax increases). The point in the middle means that the budget should be balanced with equal amounts of spending cuts and tax increases. If you are not sure, or don't know, please check the box below Values in range 0 to 100","CC357","Raise Taxes or Cut Spending Rule","CC415r","If your state were to have a budget deficit this year it would have to raise taxes on income and sales or cut spending, such as on education, health care, welfare, and road construction. What would you prefer more raising taxes or cutting spending? Choose a point along the scale from 100 percent tax increases (and no spending cuts) to 100 percent spending cuts (and no tax increases). The point in the middle means that the budget should be balanced with equal amounts of spending cuts and tax increases. If you are Not sure, or don't know, please check the 'not sure' box.","CC13_323","If your state were to have a budget deficit this year it would have to raise taxes on income and sales or cut spending, such as on education, health care, welfare, and road construction. What would you prefer more raising taxes or cutting spending? Choose a point along the scale from 100 percent tax increases (and no spending cuts) to 100 percent spending cuts (and no tax increases). The point in the middle means that the budget should be balanced with equal amounts of spending cuts and tax increases. If you are Not sure, or don't know, please check the 'not sure' box.","CC415r","If your state were to have a budget deficit this year it would have to raise taxes on income and sales or cut spending, such as on education, health care, welfare, and road construction. What would you prefer more raising taxes or cutting spending? Choose a point along the scale from 100 percent tax increases (and no spending cuts) to 100 percent spending cuts (and no tax increases). The point in the middle means that the budget should be balanced with equal amounts of spending cuts and tax increases. If you are Not sure, or don't know, please check the 'not sure' box.","CC15_331","If your state were to have a budget deficit this year it would have to raise taxes on income and sales or cut spending, such as on education, health care, welfare, and road construction. What would you prefer more raising taxes or cutting spending? Choose a point along the scale from 100 percent tax increases (and no spending cuts) to 100 percent spending cuts (and no tax increases). The point in the middle means that the budget should be balanced with equal amounts of spending cuts and tax increases. If you are Not sure, or don't know, please check the 'Not sure' box.","CC16_415r","If your state were to have a budget deficit this year it would have to raise taxes on income and sales or cut spending, such as on education, health care, welfare, and road construction. What would you prefer more, raising taxes or cutting spending? Choose a point along the scale from 100","CC17_343","If your state were to have a budget deficit this year it would have to raise taxes on income and sales or cut spending, such as on education, health care, welfare, and road construction. What would you prefer more raising taxes or cutting spending? Choose a point along the scale from 100 percent tax increases (and no spending cuts) to 100 percent spending cuts (and no tax increases). The point in the middle means that the budget should be balanced with equal amounts of spending cuts and tax increases. If you are Not sure, or don't know, please check the 'Not sure' box.",NA,NA,NA,NA
"spending","spending_welfare","Spending preferences on welfare (1 = Increase, 3 = Maintain, 5 = Decrease)",NA,NA,NA,NA,NA,NA,NA,NA,NA,NA,NA,NA,NA,NA,NA,NA,NA,NA,NA,NA,"CC16_426_1","State legislatures must make choices when making spending decisions on important state programs. Would you like your legislature to increase or decrease spending on the five areas below? Welfare",NA,NA,"CC18_426_1","State legislatures must make choices when making spending decisions on important state programs. Would you like your legislature to increase or decrease spending on the five areas below? Welfare",NA,NA
NA,"case_id","Respondent ID","v1000","Case ID","caseid","Case ID","v100","Case ID","v100","Case ID","V100","Case ID","V100","Case ID","V101","Case ID","caseid","Case ID","V101","Case ID","V101","Case ID","V101","Case ID","V101","Case ID","caseid","Case ID","caseid","Case ID"
