"cces_year","topic","q_code_common","q_code","q_label","wording"
2006,NA,"case_id","v1000","Respondent ID","Case ID"
2006,"environment","enviro_scale","v2092","Opposition scale to climate change (1 = serious problem, 5 = not occuring)","From what you know about global climate change or global warming, which one of the following statements comes closest to your opinion? [1 Global climate change has been established as a serious problem, and immediate action is necessary. 2 There is enough evidence that climate change is taking place and some action should be taken. 3 We don't know enough about global climate change, and more research is necessary before we take any actions. 4 Concern about global climate change is unwarranted.]"
2006,"miscellaneous","gaymarriage_scale","v2103","Opposition scale to gay marriage (1=Strongly support, 4=Strongly oppose)","President Bush recently spoke out in favor of a Constitutional Amendment defining marriage as strictly between a man and a woman. Do you support or oppose a Constitutional amendment banning gay marriage?"
2006,"abortion","abortion_scale","v3019","Support scale for access to abortion (1 = Never permit, 4 = Always allow)","There has been some discussion about abortion during recent years.  Which one of the opinions on this page best agrees with your view on this issue? [1 By law, abortion should never be permitted, 2 The law should permit abortion only in case of rape, incest or when the woman's life is in danger, 3 The law should permit abortion for reasons other than rape, incest, or danger to the woman's  life, but only after the need for the abortion has been clearly established, 4 By law, a woman should always be able to  obtain an abortion as a matter of personal choice]"
2006,"environment","enviro_vs_jobs","v3022","Preference scale between environmental protection and job availability (1=Environmental protection, 5=Job protection)","Some people think it is important to protect the environment even if it costs some jobs or otherwise reduces our standard of living. Other people think that protecting the environment is not as important as maintaining jobs and our standard of living.  Which is closer to the way you feel, or haven't you thought much about this?"
2006,"miscellaneous","affirmativeaction_scale","v3027","Opposition scale to affirmative action (1 = Strongly support, 7 = Strongly oppose)","Some people think that if a company has a history of discriminating against blacks when making hiring decisions, then they should be required to have an affirmative action program that gives blacks preference in hiring.    What do you think? Should companies that have discriminated against blacks have to have an affirmative action program?"
2006,"military","military_oil","v3029","Approve of military ensuring oil supply","For each of the following reasons, would you approve of the use of U.S. military troops? Please check all that apply: Military use to ensure the supply of oil"
2006,"military","military_terroristcamp","v3030","Approve of military to destroy terrorist camp","For each of the following reasons, would you approve of the use of U.S. military troops? Please check all that apply: Military use to destroy a Terrorist camp"
2006,"military","military_genocide","v3031","Approve of military to intervene in genocide or civil war","For each of the following reasons, would you approve of the use of U.S. military troops? Please check all that apply: Military use to intervene in Genocide or Civil War"
2006,"military","military_democracy","v3032","Approve of military to assist in spread democracy","For each of the following reasons, would you approve of the use of U.S. military troops? Please check all that apply: Military use to Spread democracy"
2006,"military","military_protectallies","v3033","Approve of military to protect US allies under attack","For each of the following reasons, would you approve of the use of U.S. military troops? Please check all that apply: Military use to Protect American Allies"
2006,"military","military_helpun","v3034","Approve of military to help the United Nations uphold international law","For each of the following reasons, would you approve of the use of U.S. military troops? Please check all that apply: Military use to Help the United Nations"
2006,"spending","spending_vs_tax","v4040","Preference scale from 0 (increasing taxes) to 100 (spending cuts on education, health care, welfare and construction)","If your state were to have a budget deficit this year it would have to raise taxes on income or sales or cut spending, such as on education, health care, welfare, and road construction. What would you prefer more raising taxes or cutting spending? Choose a point along the scale from 100 percent tax increases (and no spending cuts) to 100 percent spending cuts (and 0 percent no tax increases). The point in the middle means that any the budget should be balanced with equal amounts of spending cuts and tax increases.  If you are not sure, or don't know, please check here: [dk]"
2006,"miscellaneous","incometax_vs_salestax","v4042","Preference scale from 0 (increase income tax) to 100 (increase sales tax)","If the state had to raise taxes, which taxes should it increase? Suppose that your state government has to raise some combination of sales taxes and individual income taxes in the coming year. What share of the tax increase should come from increased income taxes and what share from increased sales taxes? Choose a point along the scale from 100 percent from sales (and none from income) to 100 percent from income (and none from sales). The point in the middle means that any increase in taxes should come equally from sales and income taxes.  If you are not sure, or don't know, please check here: [dk]"
2006,"spending","spending_cuts_most","v4044","Most preferred spending cut option (1=Defense, 2=Domestic, 3=Raise taxes)","What would you most prefer that Congress do - cut domestic spending, cut military spending, raise taxes, or borrow funds?"
2006,"spending","spending_cuts_least","v4046","Least preferred spending cut option (1=Defense, 2=Domestic, 3=Raise taxes)","What do you least want Congress to do?"
2007,NA,"case_id","caseid","Respondent ID","Case ID"
2007,"environment","enviro_scale","CC06_V2092","Opposition scale to climate change (1 = serious problem, 5 = not occuring)","From what you know about global climate change or global warming, which one of the following statements comes closest to your opinion? [1 Immediate action, 2 Some action, 3 More research, 4 Concern unwarranted]"
2007,"miscellaneous","gaymarriage_scale","CC06_V2103","Opposition scale to gay marriage (1=Strongly support, 4=Strongly oppose)","President Bush recently spoke out in favor of a Constitutional Amendment defining marriage as strictly between a man and a woman. Do you support or oppose a Constitutional amendment banning gay marriage?"
2007,"abortion","abortion_scale","CC06_V3019","Support scale for access to abortion (1 = Never permit, 4 = Always allow)","There has been some discussion about abortion during recent years. Which one of the opinions on this page best agrees with your view on this issue? [1 By law, abortion should never be permitted, 2 The law should permit abortion only in case of rape, incest, 3 The law should permit abortion for reasons other than rape, 4 By law, a woman should always be able to obtain an abortion]"
2007,"environment","enviro_vs_jobs","CC06_V3022","Preference scale between environmental protection and job availability (1=Environmental protection, 5=Job protection)","Some people think it is important to protect the environment even if it costs some jobs or otherwise reduces our standard of living. Other people think that protecting the environment is not as important as maintaining jobs and our standard of living. Which is closer to the way you feel, or haven't you thought much about this?"
2007,"miscellaneous","affirmativeaction_scale","CC06_V3027","Opposition scale to affirmative action (1 = Strongly support, 7 = Strongly oppose)","Some people think that if a company has a history of discriminating against blacks when making hiring decisions, then they should be required to have an affirmative action program that gives blacks preference in hiring. What do you think? Should companies that have discriminated against blacks have to have an affirmative action program?"
2007,"military","military_oil","CC06_V3029","Approve of military ensuring oil supply","For each of the following reasons, would you approve of the use of U.S. military troops? Please check all that apply: To nsure the supply of oil"
2007,"military","military_terroristcamp","CC06_V3030","Approve of military to destroy terrorist camp","For each of the following reasons, would you approve of the use of U.S. military troops? Please check all that apply: Destroy a terrorist camp"
2007,"military","military_genocide","CC06_V3031","Approve of military to intervene in genocide or civil war","For each of the following reasons, would you approve of the use of U.S. military troops? Please check all that apply: Intervene in a region where there is genocide or a civil war"
2007,"military","military_democracy","CC06_V3032","Approve of military to assist in spread democracy","For each of the following reasons, would you approve of the use of U.S. military troops? Please check all that apply: Spread of democracy"
2007,"military","military_protectallies","CC06_V3033","Approve of military to protect US allies under attack","For each of the following reasons, would you approve of the use of U.S. military troops? Please check all that apply: Protect American allies"
2007,"military","military_helpun","CC06_V3034","Approve of military to help the United Nations uphold international law","For each of the following reasons, would you approve of the use of U.S. military troops? Please check all that apply: To help the United Nations uphold international law"
2007,"spending","spending_vs_tax","CC06_V4040","Preference scale from 0 (increasing taxes) to 100 (spending cuts on education, health care, welfare and construction)","If your state were to have a budget deficit this year it would have to raise taxes on income or sales or cut spending, such as on education, health care, welfare, and road construction. What would you prefer more raising taxes or cutting spending? Choose a point along the scale from 100 percent tax increases (and no spending cuts) to 100 percent spending cuts (and 0 percent no tax increases). The point in the middle means that any the budget should be balanced with equal amounts of spending cuts and tax increases."
2007,"miscellaneous","incometax_vs_salestax","CC06_V4042","Preference scale from 0 (increase income tax) to 100 (increase sales tax)","If the state had to raise taxes, which taxes should it increase? Suppose that your state government has to raise some combination of sales taxes and individual income taxes in the coming year. What share of the tax increase should come from increased income taxes and what share from increased sales taxes? Choose a point along the scale from 100 percent from sales (and none from income) to 100 percent from income (and none from sales). The point in the middle means that any increase in taxes should come equally from sales and income taxes."
2007,"spending","spending_cuts_most","CC06_V4044","Most preferred spending cut option (1=Defense, 2=Domestic, 3=Raise taxes)","What would you most prefer that Congress do - cut domestic spending, cut military spending, raise taxes, or borrow funds?"
2007,"spending","spending_cuts_least","CC06_V4046","Least preferred spending cut option (1=Defense, 2=Domestic, 3=Raise taxes)","Should Congress cut spending, raise taxes, or borrow... What do you least want Congress to do?"
2007,"immigration","immig_employer","CC12x_1","Sanction employers hiring undocumented","What do you think Congress and the President should do about immigration? Select all that apply. Fine US businesses that hire illegal immigrants."
2007,"immigration","immig_legalize","CC12x_2","Grant conditional legal status to undocumented","What do you think Congress and the President should do about immigration? Select all that apply. Grant legal status to all illegal immigrants who have held jobs and paid taxes for at least 3 years, and not been convicted of any felony crimes."
2007,"immigration","immig_border","CC12x_4","Increase border security between US-Mexico","What do you think Congress and the President should do about immigration? Select all that apply. Increase the number of border patrol on the US-Mexican border."
2008,"spending","spending_cuts_most","cc309","Most preferred spending cut option (1=Defense, 2=Domestic, 3=Raise taxes)","What would you most prefer that Congress do - cut domestic spending, cut military spending, or raise taxes?"
2008,"abortion","abortion_scale","cc310","Support scale for access to abortion (1 = Never permit, 4 = Always allow)","Which one of the opinions on this page best agrees with your view on abortion? [1 By law, abortion should never be permitted, 2 The law should permit abortion only in case of rape, incest or when the womans life is in danger, 3 The law should permit abortion for reasons other than rape, incest, or danger to the womans life, but only after the need for the abortion has been clearly established, 4 By law, a woman should always be able to obtain an abortion as a matter of personal choice]"
2008,"spending","spending_cuts_least","cc310a","Least preferred spending cut option (1=Defense, 2=Domestic, 3=Raise taxes)","What do you least want Congress to do?"
2008,"environment","enviro_vs_jobs","cc311","Preference scale between environmental protection and job availability (1=Environmental protection, 5=Job protection)","Some people think it is important to protect the environment even if it costs some jobs or otherwise reduces our standard of living. Other people think that protecting the environment is not as important as maintaining jobs and our standard of living. Which is closer to the way you feel, or haven't you thought much about this?"
2008,"miscellaneous","affirmativeaction","cc313","Opposition to affirmative action (1 = Support, 4 = Oppose)","Affirmative action programs give preference to racial minorities and to women in employment and college admissions in order to correct for discrimination. Do you support or oppose affirmative action?"
2008,"miscellaneous","gaymarriage","cc316f","Opposition to gay marriage","Constitutional Amendment banning Gay Marriage"
2008,"military","military_oil","cc418_1","Approve of military ensuring oil supply","Would you approve of the use of U.S. military troops in order to...? Ensure the supply of oil"
2008,"military","military_terroristcamp","cc418_2","Approve of military to destroy terrorist camp","Would you approve of the use of U.S. military troops in order to...? Destroy a terrorist camp"
2008,"military","military_genocide","cc418_3","Approve of military to intervene in genocide or civil war","Would you approve of the use of U.S. military troops in order to...? Intervene in a region where there is genocide or a civil war"
2008,"military","military_democracy","cc418_4","Approve of military to assist in spread democracy","Would you approve of the use of U.S. military troops in order to...? Assist the spread of democracy"
2008,"military","military_protectallies","cc418_5","Approve of military to protect US allies under attack","Would you approve of the use of U.S. military troops in order to...? Protect American allies under attack by foreign nations"
2008,"military","military_helpun","cc418_6","Approve of military to help the United Nations uphold international law","Would you approve of the use of U.S. military troops in order to...? Help the United Nations uphold international law"
2008,"spending","spending_vs_tax","cc420","Preference scale from 0 (increasing taxes) to 100 (spending cuts on education, health care, welfare and construction)","If your state were to have a budget deficit this year it would have to raise taxes on income or sales or cut spending, such as on education, health care, welfare, and road construction. What would you prefer more, raising taxes or cutting spending? Choose a point along the scale from 100 percent tax increases (and no spending cuts) to 100 percent spending cuts (and no tax increases). The point in the middle means that the budget should be balanced with equal amounts of spending cuts and tax increases.  If you are not sure, or don't know, please check the box below... Values in range 0 to 100"
2008,"miscellaneous","incometax_vs_salestax","cc421","Preference scale from 0 (increase income tax) to 100 (increase sales tax)","If the state had to raise taxes, what share of the tax increase should come from increased income taxes and what share from increased sales taxes? Choose a point along the scale from 100 percent from sales (and none from income) to 100 percent from income (and none from sales). The point in the middle means that any increase in taxes should come equally from sales and income taxes.  If you are not sure, or don't know, please check the box below... Values in range 0 to 100"
2008,NA,"case_id","v100","Respondent ID","Case ID"
2009,"environment","enviro_scale","cc09_51","Opposition scale to climate change (1 = serious problem, 5 = not occuring)","Global Warming"
2009,"abortion","abortion_scale","cc09_53","Support scale for access to abortion (1 = Never permit, 4 = Always allow)","Abortion"
2009,"miscellaneous","gaymarriage","cc09_54","Opposition to gay marriage","Gay Marriage"
2009,"miscellaneous","affirmativeaction","cc09_55","Opposition to affirmative action (1 = Support, 4 = Oppose)","Affirmative Action"
2009,NA,"case_id","v100","Respondent ID","Case ID"
2010,"guns","guns_scale","CC320","Restriction scale on gun sales (1 = More strict, 2 = Less strict, 3 = Same)","In general, do you feel that the laws covering the sale of firearms should be made more strict, less strict, or kept as they are?"
2010,"environment","enviro_scale","CC321","Opposition scale to climate change (1 = serious problem, 5 = not occuring)","From what you know about global climate change or global warming, which one of the following statements comes closest to your opinion? [1 Global climate change has been established as a serious problem, and immediate action is necessary. 2 here is enough evidence that climate change is taking place and some action should be taken. 3 We don’t know enough about global climate change, and more research is necessary before taking any actions. 4 Concern about global climate change is exaggerated. No action is necessary. 5 Global climate change is not occurring; this is not a real issue.]"
2010,"immigration","immig_employer","CC322_1","Sanction employers hiring undocumented","What do you think the U.S. government should do about immigration? Select all that apply. Fine Businesses"
2010,"immigration","immig_legalize","CC322_2","Grant conditional legal status to undocumented","What do you think the U.S. government should do about immigration? Select all that apply. Grant legal status to all illegal immigrants who have held jobs and paid taxes for at least 3 years, and not been convicted of any felony crimes."
2010,"immigration","immig_border","CC322_4","Increase border security between US-Mexico","What do you think the U.S. government should do about immigration? Select all that apply. Increase the number of border patrols on the US-Mexican border."
2010,"immigration","immig_police","CC322_5","Allow police questioning of suspected undocumented","What do you think the U.S. government should do about immigration? Select all that apply. Allow police to question anyone they think may be in the country illegally."
2010,"abortion","abortion_scale","CC324","Support scale for access to abortion (1 = Never permit, 4 = Always allow)","Which one of the opinions on this page best agrees with your view on abortion? [1 By law, abortion should never be permitted, 2 The law should permit abortion only in case of rape, incest or when the womans life is in danger, 3 The law should permit abortion for reasons other than rape, incest, or danger to the womans life, but only after the need for the abortion has been clearly established, 4 By law, a woman should always be able to obtain an abortion as a matter of personal choice]"
2010,"environment","enviro_vs_jobs","CC325","Preference scale between environmental protection and job availability (1=Environmental protection, 5=Job protection)","Some people think it is important to protect the environment even if it costs some jobs or otherwise reduces our standard of living. Other people think that protecting the environment is not as important as maintaining jobs and our standard of living. Which is closer to the way you feel, or haven't you thought much about this?"
2010,"miscellaneous","gaymarriage","CC326","Opposition to gay marriage","Do you support a Constitutional Amendment banning Gay Marriage?"
2010,"miscellaneous","affirmativeaction","CC327","Opposition to affirmative action (1 = Support, 4 = Oppose)","Affirmative action programs give preference to racial minorities in employment and college admissions in order to correct for past discrimination. Do you support or oppose affirmative action?"
2010,"spending","spending_cuts_most","CC328","Most preferred spending cut option (1=Defense, 2=Domestic, 3=Raise taxes)","The federal budget is approximately 600 billion this year. If the Congress were to balance the budget it would have to consider cutting defense spending, cutting domestic spending (such as Medicare or Social Security), or raising taxes to cover the deficit. What would you most prefer that Congress do - cut domestic spending, cut defense spending, or raise taxes?"
2010,"spending","spending_cuts_least","CC329","Least preferred spending cut option (1=Defense, 2=Domestic, 3=Raise taxes)","The federal budget is approximately 600 billion this year. If the Congress were to balance the budget it would have to consider cutting defense spending, cutting domestic spending (such as Medicare or Social Security), or raising taxes to cover the deficit. What do you least want Congress to do?"
2010,"military","military_oil","CC414_1","Approve of military ensuring oil supply","Would you approve of the use of U.S. military troops in order to...? Ensure the supply of oil"
2010,"military","military_terroristcamp","CC414_2","Approve of military to destroy terrorist camp","Would you approve of the use of U.S. military troops in order to...? Destroy a terrorist camp"
2010,"military","military_genocide","CC414_3","Approve of military to intervene in genocide or civil war","Would you approve of the use of U.S. military troops in order to...? Intervene in a region where there is genocide or a civil war"
2010,"military","military_democracy","CC414_4","Approve of military to assist in spread democracy","Would you approve of the use of U.S. military troops in order to...? Assist the spread of democracy"
2010,"military","military_protectallies","CC414_5","Approve of military to protect US allies under attack","Would you approve of the use of U.S. military troops in order to...? Protect American allies under attack by foreign nations"
2010,"military","military_helpun","CC414_6","Approve of military to help the United Nations uphold international law","Would you approve of the use of U.S. military troops in order to...? Help the United Nations uphold international law"
2010,"spending","spending_vs_tax","CC415r","Preference scale from 0 (increasing taxes) to 100 (spending cuts on education, health care, welfare and construction)","If your state were to have a budget deficit this year it would have to raise taxes on income or sales or cut spending, such as on education, health care, welfare, and road construction. What would you prefer more, raising taxes or cutting spending? Choose a point along the scale from 100 percent tax increases (and no spending cuts) to 100 percent spending cuts (and no tax increases). The point in the middle means that the budget should be balanced with equal amounts of spending cuts and tax increases. If you are not sure, or don't know, please check the box below Values in range 0 to 100"
2010,"miscellaneous","incometax_vs_salestax","CC416r","Preference scale from 0 (increase income tax) to 100 (increase sales tax)","If the state had to raise taxes, what share of the tax increase should come from increased income taxes and what share from increased sales taxes? Choose a point along the scale from 100 percent from sales (and none from income) to 100 percent from income (and none from sales). The point in the middle means that any increase in taxes should come equally from sales and income taxes. If you are not sure, or don't know, please check the box below Values in range 0 to 100"
2010,NA,"case_id","V100","Respondent ID","Case ID"
2011,"environment","enviro_scale","CC350","Opposition scale to climate change (1 = serious problem, 5 = not occuring)","Climate"
2011,"immigration","immig_legalize","CC351_1","Grant conditional legal status to undocumented","Immigration - Amnesty for long term residents"
2011,"immigration","immig_border","CC351_2","Increase border security between US-Mexico","Immigration - Increase border presence"
2011,"immigration","immig_police","CC351_3","Allow police questioning of suspected undocumented","Immigration - Police question those reasonably suspected of being illegal"
2011,"abortion","abortion_scale","CC352","Support scale for access to abortion (1 = Never permit, 4 = Always allow)","Abortion"
2011,"miscellaneous","gaymarriage","CC353","Opposition to gay marriage","Gay Marriage"
2011,"miscellaneous","affirmativeaction","CC354","Opposition to affirmative action (1 = Support, 4 = Oppose)","Affirmative Action"
2011,"spending","spending_cuts_most","CC355a","Most preferred spending cut option (1=Defense, 2=Domestic, 3=Raise taxes)","Budget Balance 1"
2011,"spending","spending_cuts_least","CC355b","Least preferred spending cut option (1=Defense, 2=Domestic, 3=Raise taxes)","Budget Balance 2"
2011,"military","military_oil","CC356_1","Approve of military ensuring oil supply","Ensure the supply of oil"
2011,"military","military_terroristcamp","CC356_2","Approve of military to destroy terrorist camp","Destroy a terrorist camp"
2011,"military","military_genocide","CC356_3","Approve of military to intervene in genocide or civil war","Intervene in a region where there is genocide or a civil war"
2011,"military","military_democracy","CC356_4","Approve of military to assist in spread democracy","Assist the spread of democracy"
2011,"military","military_protectallies","CC356_5","Approve of military to protect US allies under attack","Protect American allies under attack by foreign nations"
2011,"military","military_helpun","CC356_6","Approve of military to help the United Nations uphold international law","Help the United Nations uphold international law"
2011,"spending","spending_vs_tax","CC357","Preference scale from 0 (increasing taxes) to 100 (spending cuts on education, health care, welfare and construction)","Raise Taxes or Cut Spending Rule"
2011,"miscellaneous","incometax_vs_salestax","CC358","Preference scale from 0 (increase income tax) to 100 (increase sales tax)","Income vs Sales Tax Rule"
2011,NA,"case_id","V100","Respondent ID","Case ID"
2012,"guns","guns_scale","CC320","Restriction scale on gun sales (1 = More strict, 2 = Less strict, 3 = Same)","In general, do you feel that the laws covering the sale of firearms should be... [1 More Strict, 2 Less Strict, 3 Kept As They Are]"
2012,"environment","enviro_scale","CC321","Opposition scale to climate change (1 = serious problem, 5 = not occuring)","From what you know about global climate change or global warming, which one of the following statements comes closest to your opinion? [1 Global Climate change has been established as a serious problem, and immediate action is necessary. 2 There is enough evidence that climate change is taking place and some action should be taken. 3 We don't know enough about global climate change, and more research is necessary before we take any actions. 4 Concern about global climate chane is exaggerated. No action is necessary. 5 Global climate change is not occurring; this is not a real issue]"
2012,"immigration","immig_legalize","CC322_1","Grant conditional legal status to undocumented","Grant legal status to all illegal immigrants who have held jobs and paid taxes for at least 3 years, and not been convicted of any felony crimes."
2012,"immigration","immig_border","CC322_2","Increase border security between US-Mexico","Increase the number of border patrols on the US-Mexican border."
2012,"immigration","immig_police","CC322_3","Allow police questioning of suspected undocumented","Allow police to question anyone they think may be in the country illegally."
2012,"immigration","immig_employer","CC322_4","Sanction employers hiring undocumented","Fine US businesses that hire illegal immigrants."
2012,"immigration","immig_services","CC322_5","Prohibit services to immigrants","Prohibit illegal immigrants from using emergency hospital care and public schools."
2012,"abortion","abortion_scale","CC324","Support scale for access to abortion (1 = Never permit, 4 = Always allow)","Which one of the opinions on this page best agrees with your view on abortion? [1 By law, abortion should never be permitted, 2 The law should permit abortion only in case of rape, incest or when the womans life is in danger, 3 The law should permit abortion for reasons other than rape, incest, or danger to the womans life, but only after the need for the abortion has been clearly established, 4 By law, a woman should always be able to obtain an abortion as a matter of personal choice]"
2012,"environment","enviro_vs_jobs","CC325","Preference scale between environmental protection and job availability (1=Environmental protection, 5=Job protection)","Some people think it is important to protect the environment even if it costs some jobs or otherwise reduces our standard of living. Other people think that protecting the environment is not as important as maintaining jobs and our standard of living. Which is closer to the way you feel, or haven’t you thought much about this?"
2012,"miscellaneous","gaymarriage","CC326","Opposition to gay marriage","Do you favor or oppose allowing gays and lesbians to marry legally?"
2012,"miscellaneous","affirmativeaction","CC327","Opposition to affirmative action (1 = Support, 4 = Oppose)","Affirmative action programs give preference to racial minorities in employment and college admissions in order to correct for past discrimination. Do you support or oppose affirmative action?"
2012,"spending","spending_cuts_most","CC328","Most preferred spending cut option (1=Defense, 2=Domestic, 3=Raise taxes)","The federal budget deficit is approximately 1 trillion this year. If the Congress were to balance the budget it would have to consider cutting defense spending, cutting domestic spending (such as Medicare and Social Security), or raising taxes to cover the deficit. What would you MOST prefer that Congress do - cut domestic spending, cut defense spending, or raise taxes"
2012,"spending","spending_cuts_least","CC329","Least preferred spending cut option (1=Defense, 2=Domestic, 3=Raise taxes)","The federal budget deficit is approximately 1 trillion this year. If the Congress were to balance the budget it would have to consider cutting defense spending, cutting domestic spending (such as Medicare and Social Security), or raising taxes to cover the deficit. What would you LEAST prefer that Congress do - cut domestic spending, cut defense spending, or raise taxes"
2012,"miscellaneous","repealaca","CC332G","Repeal the Affordable Care Act","Congress Considered many important bills over the past two years. For each of the following tell us whether you support or oppose the legislation in principle. Repeal Affordable Care Act. Would repeal the Affordable Care Act."
2012,"military","military_oil","CC414_1","Approve of military ensuring oil supply","Would you approve of the use of U.S. military troops in order to...? Ensure the supply of oil"
2012,"military","military_terroristcamp","CC414_2","Approve of military to destroy terrorist camp","Would you approve of the use of U.S. military troops in order to...? Destroy a terrorist camp"
2012,"military","military_genocide","CC414_3","Approve of military to intervene in genocide or civil war","Would you approve of the use of U.S. military troops in order to...? Intervene in a region where there is genocide or a civil war"
2012,"military","military_democracy","CC414_4","Approve of military to assist in spread democracy","Would you approve of the use of U.S. military troops in order to...? Assist the spread of democracy"
2012,"military","military_protectallies","CC414_5","Approve of military to protect US allies under attack","Would you approve of the use of U.S. military troops in order to...? Protect American allies under attack by foreign nations"
2012,"military","military_helpun","CC414_6","Approve of military to help the United Nations uphold international law","Would you approve of the use of U.S. military troops in order to...? Help the United Nations uphold international law"
2012,"spending","spending_vs_tax","CC415r","Preference scale from 0 (increasing taxes) to 100 (spending cuts on education, health care, welfare and construction)","If your state were to have a budget deficit this year it would have to raise taxes on income and sales or cut spending, such as on education, health care, welfare, and road construction. What would you prefer more raising taxes or cutting spending? Choose a point along the scale from 100 percent tax increases (and no spending cuts) to 100 percent spending cuts (and no tax increases). The point in the middle means that the budget should be balanced with equal amounts of spending cuts and tax increases. If you are Not sure, or don't know, please check the 'not sure' box."
2012,"miscellaneous","incometax_vs_salestax","CC416r","Preference scale from 0 (increase income tax) to 100 (increase sales tax)","If the state had to raise taxes, what share of the tax increase should come from increased income taxes and what share from increased sales taxes? Choose a point along the scale from 100 percent from sales (and none from income) to 100 percent from income (and none from sales). The point in the middle means that any increase in taxes should come equally from sales and income taxes. If you are Not sure, or don't know, please check the 'not sure' box."
2012,NA,"case_id","V101","Respondent ID","Case ID"
2013,NA,"case_id","caseid","Respondent ID","Case ID"
2013,"guns","guns_bgchecks","CC13_320a","Background checks for guns for all sales","On the issue of gun regulation, are you for or against each of the following proposals? Background checks for all sales, including at gun shows and over the Internet"
2013,"guns","guns_names","CC13_320b","Prohibit state and local publishing gun owner names","On the issue of gun regulation, are you for or against each of the following proposals? Prohibit state and local governments from publishing the names and addresses of all gun owners"
2013,"guns","guns_assaultban","CC13_320d","Ban assault rifles","On the issue of gun regulation, are you for or against each of the following proposals? Ban assault rifles"
2013,"guns","guns_permits","CC13_320e","Ease ability to obtain concealed-carry permits","On the issue of gun regulation, are you for or against each of the following proposals? Make it easier for people to obtain concealed-carry permit"
2013,"spending","spending_vs_tax","CC13_323","Preference scale from 0 (increasing taxes) to 100 (spending cuts on education, health care, welfare and construction)","If your state were to have a budget deficit this year it would have to raise taxes on income and sales or cut spending, such as on education, health care, welfare, and road construction. What would you prefer more raising taxes or cutting spending? Choose a point along the scale from 100 percent tax increases (and no spending cuts) to 100 percent spending cuts (and no tax increases). The point in the middle means that the budget should be balanced with equal amounts of spending cuts and tax increases. If you are Not sure, or don't know, please check the 'not sure' box."
2013,"miscellaneous","incometax_vs_salestax","CC13_324","Preference scale from 0 (increase income tax) to 100 (increase sales tax)","If the state had to raise taxes, what share of the tax increase should come from increased income taxes and what share from increased sales taxes? Choose a point along the scale from 100 percent from sales (and none from income) to 100 percent from income (and none from sales). The point in the middle means that any increase in taxes should come equally from sales and income taxes. If you are Not sure, or don't know, please check the 'not sure' box."
2013,"spending","spending_cuts_most","CC13_331a","Most preferred spending cut option (1=Defense, 2=Domestic, 3=Raise taxes)","If your state were to have a budget deficit this year it would have to raise taxes on income and sales or cut spending, such as on education, health care, welfare, and road construction. What would you prefer more raising taxes or cutting spending? Choose a point along the scale from 100 percent tax increases (and no spending cuts) to 100 percent spending cuts (and no tax increases). The point in the middle means that the budget should be balanced with equal amounts of spending cuts and tax increases. If you are Not sure, or don't know, please check the 'not sure' box."
2013,"spending","spending_cuts_least","CC13_331b","Least preferred spending cut option (1=Defense, 2=Domestic, 3=Raise taxes)","If the state had to raise taxes, what share of the tax increase should come from increased income taxes and what share from increased sales taxes? Choose a point along the scale from 100 percent from sales (and none from income) to 100 percent from income (and none from sales). The point in the middle means that any increase in taxes should come equally from sales and income taxes. If you are Not sure, or don't know, please check the 'not sure' box."
2013,"military","military_oil","CC322_1","Approve of military ensuring oil supply","Would you approve of the use of U.S. military troops in order to...? Ensure the supply of oil"
2013,"military","military_terroristcamp","CC322_2","Approve of military to destroy terrorist camp","Would you approve of the use of U.S. military troops in order to...? Destroy a terrorist camp"
2013,"military","military_genocide","CC322_3","Approve of military to intervene in genocide or civil war","Would you approve of the use of U.S. military troops in order to...? Intervene in a region where there is genocide or a civil war"
2013,"military","military_democracy","CC322_4","Approve of military to assist in spread democracy","Would you approve of the use of U.S. military troops in order to...? Assist the spread of democracy"
2013,"military","military_protectallies","CC322_5","Approve of military to protect US allies under attack","Would you approve of the use of U.S. military troops in order to...? Protect American allies under attack by foreign nations"
2013,"military","military_helpun","CC322_6","Approve of military to help the United Nations uphold international law","Would you approve of the use of U.S. military troops in order to...? Help the United Nations uphold international law"
2013,"immigration","immig_legalize","CC326_1","Grant conditional legal status to undocumented","What do you think the U.S. government should do about immigration? Select all that apply. Grant legal status to all illegal immigrants who have held jobs and paid taxes for at least 3 years, and not been convicted of any felony crimes."
2013,"immigration","immig_border","CC326_2","Increase border security between US-Mexico","What do you think the U.S. government should do about immigration? Select all that apply. Increase the number of border patrols on the U.S.-Mexican border."
2013,"immigration","immig_police","CC326_3","Allow police questioning of suspected undocumented","What do you think the U.S. government should do about immigration? Select all that apply. Allow police to question anyone they think may be in the country illegally."
2013,"immigration","immig_employer","CC326_4","Sanction employers hiring undocumented","What do you think the U.S. government should do about immigration? Select all that apply. Fine U.S. businesses that hire illegal immigrants."
2013,"immigration","immig_services","CC326_5","Prohibit services to immigrants","What do you think the U.S. government should do about immigration? Select all that apply. Prohibit illegal immigrants from using emergency hospital care and public schools."
2013,"abortion","abortion_scale","CC327","Support scale for access to abortion (1 = Never permit, 4 = Always allow)","Which one of the opinions on this page best agrees with your view on abortion? [1 By law, abortion should never bepermitted, 2 The law should permit abortion only incase of rape, incest or when thewoman's life is in danger, 3 The law should permit abortion forreasons other than rape, incest, ordanger to the woman's life, but onlyafter the need for the abortion has beenclearly established, 4 By law, a woman should always be ableto obtain an abortion as a matter ofpersonal choice]"
2013,"environment","enviro_vs_jobs","CC328","Preference scale between environmental protection and job availability (1=Environmental protection, 5=Job protection)","Some people think it is important to protect the environment even if it costs some jobs or otherwise reduces our standard of living. Other people think that protecting the environment is not as important as maintaining jobs and our standard of living. Which is closer to the way you feel, or haven't you thought much about this?"
2013,"miscellaneous","gaymarriage","CC329","Opposition to gay marriage","Do you favor or oppose allowing gays and lesbians to marry legally?"
2013,"miscellaneous","affirmativeaction","CC330","Opposition to affirmative action (1 = Support, 4 = Oppose)","Affirmative action programs give preference to racial minorities in employment and college admissions in order to correct for past discrimination. Do you support or oppose affirmative action?"
2013,"miscellaneous","repealaca","CC332C","Repeal the Affordable Care Act","Congress considered many important bills over the past few years. For each of the following tell us whether you support or oppose the legislation in principle. Repeal Affordable Care Act. Would repeal the Affordable Care Act."
2014,"guns","guns_bgchecks","CC14_320a","Background checks for guns for all sales","On the issue of gun regulation, are you for or against each of the following . . . Background Checks"
2014,"guns","guns_names","CC14_320b","Prohibit state and local publishing gun owner names","On the issue of gun regulation, are you for or against each of the following . . . Prohibit state and local governments from publishing the names and addresses of all gun owners"
2014,"guns","guns_assaultban","CC14_320d","Ban assault rifles","On the issue of gun regulation, are you for or against each of the following . . . Ban assault rifles"
2014,"guns","guns_permits","CC14_320e","Ease ability to obtain concealed-carry permits","On the issue of gun regulation, are you for or against each of the following . . . Make it easier for people to obtain concealed weapons permits"
2014,"immigration","immig_legalize","CC14_322_1","Grant conditional legal status to undocumented","What do you think the government should do about immigration? Select all that apply . . . Grant legal status to all illegal immigrants who have held jobs and paid taxes for at least 3 years, and not been convicted of any felony crimes"
2014,"immigration","immig_border","CC14_322_2","Increase border security between US-Mexico","What do you think the government should do about immigration? Select all that apply . . . Increase Border Patrols along the US-Mexico border"
2014,"immigration","immig_police","CC14_322_3","Allow police questioning of suspected undocumented","What do you think the government should do about immigration? Select all that apply . . . Allow police to question anyone they think may be in the country illegally."
2014,"immigration","immig_employer","CC14_322_4","Sanction employers hiring undocumented","What do you think the government should do about immigration? Select all that apply . . . Fine US businesses that hire illegal immigrants"
2014,"immigration","immig_services","CC14_322_5","Prohibit services to immigrants","What do you think the government should do about immigration? Select all that apply . . . Identify and deport illegal immigrants"
2014,"abortion","abortion_always","CC14_323_1","Always allow abortion","Do you support or oppose each of the following proposals? . . . Always allow a woman to obtain an abortion as a matter of choice"
2014,"abortion","abortion_conditional","CC14_323_2","Allow abortion only under certain cases","Do you support or oppose each of the following proposals? . . . Permit abortion only in cases of rape, incest, or when the womans life is in danger"
2014,"abortion","abortion_20weeks","CC14_323_3","Ban abortion after 20 weeks","Do you support or oppose each of the following proposals? . . . Prohibit abortions after the 20th week of pregnancy"
2014,"abortion","abortion_coverage","CC14_323_4","Employer coverage of abortion","Do you support or oppose each of the following proposals? . . . Allow employers to decline coverage of abortions in insurance plans"
2014,"abortion","abortion_expenditures","CC14_323_5","Prohibit expenditures for abortion","Do you support or oppose each of the following proposals? . . . Prohibit the expenditure of funds authorized or appropriated by federal law for any abortion"
2014,"miscellaneous","repealaca","CC14_324_1","Repeal the Affordable Care Act","The Affordable Health Care Act was passed into law in 2010. It does the following: Requires Americans to obtain health insurance. Prevents insurance companies from denying coverage for pre-existing conditions. Allows people to keep current health insurance and care provider. Sets up national health insurance option for those without coverage, but allows states the option to implement their own insurance system."
2014,"environment","enviro_carbon","CC14_326_1","Allow EPA to regulate carbon dioxide emissions","Do you support or oppose each of the following policies? Environmental Protection Agency regulating carbon emissions"
2014,"environment","enviro_35mpg","CC14_326_2","Raise fuel efficiency from 25 to 35 mpg","Raise required fuel efficiency for the average automobile from 25 mpg to 35 mpg."
2014,"environment","enviro_renewable","CC14_326_3","Require states use a minimum amount of renewable fuels","Do you support or oppose each of the following policies? Your state requiring the use of a minimum amount of renewable fuels (wind, solar, and hydroelectric) in the generation of electricity even if electricity prices increase a little?"
2014,"environment","enviro_airwateracts","CC14_326_4","Strengthen EPA enforcement of Clean Air and Water acts","Environmental Protection Agency strengthening enforcement of the Clean Air Act even if it costs US jobs"
2014,"miscellaneous","gaymarriage","CC14_327","Opposition to gay marriage","Do you favor or oppose allowing gays and lesbians to marry legally?"
2014,"miscellaneous","affirmativeaction","CC14_328","Opposition to affirmative action (1 = Support, 4 = Oppose)","Affirmative action programs give preference to racial minorities in employment and college admissions in order to correct for past discrimination. Do you support or oppose affirmative action?"
2014,"spending","spending_cuts_most","CC14_329a","Most preferred spending cut option (1=Defense, 2=Domestic, 3=Raise taxes)","The federal budget deficit is approximately 500 billion this year. If the Congress were to balance the budget it would have to consider cutting defense spending, cutting domestic spending (such as Medicare and Social Security), or raising taxes to cover the deficit. What would you most prefer that Congress do - cut domestic spending, cut defense spending, or raise taxes?"
2014,"spending","spending_cuts_least","CC14_329b","Least preferred spending cut option (1=Defense, 2=Domestic, 3=Raise taxes)","The federal budget deficit is approximately 500 billion this year. If the Congress were to balance the budget it would have to consider cutting defense spending, cutting domestic spending (such as Medicare and Social Security), or raising taxes to cover the deficit. What do you least want Congress to do?"
2014,"military","military_oil","CC414_1","Approve of military ensuring oil supply","Would you approve of the use of U.S. military troops in order to...? Ensure the supply of oil"
2014,"military","military_terroristcamp","CC414_2","Approve of military to destroy terrorist camp","Would you approve of the use of U.S. military troops in order to...? Destroy a terrorist camp"
2014,"military","military_genocide","CC414_3","Approve of military to intervene in genocide or civil war","Would you approve of the use of U.S. military troops in order to...? Intervene in a region where there is genocide or a civil war"
2014,"military","military_democracy","CC414_4","Approve of military to assist in spread democracy","Would you approve of the use of U.S. military troops in order to...? Assist the spread of democracy"
2014,"military","military_protectallies","CC414_5","Approve of military to protect US allies under attack","Would you approve of the use of U.S. military troops in order to...? Protect American allies under attack by foreign nations"
2014,"military","military_helpun","CC414_6","Approve of military to help the United Nations uphold international law","Would you approve of the use of U.S. military troops in order to...? Help the United Nations uphold international law"
2014,"spending","spending_vs_tax","CC415r","Preference scale from 0 (increasing taxes) to 100 (spending cuts on education, health care, welfare and construction)","If your state were to have a budget deficit this year it would have to raise taxes on income and sales or cut spending, such as on education, health care, welfare, and road construction. What would you prefer more raising taxes or cutting spending? Choose a point along the scale from 100 percent tax increases (and no spending cuts) to 100 percent spending cuts (and no tax increases). The point in the middle means that the budget should be balanced with equal amounts of spending cuts and tax increases. If you are Not sure, or don't know, please check the 'not sure' box."
2014,"miscellaneous","incometax_vs_salestax","CC416r","Preference scale from 0 (increase income tax) to 100 (increase sales tax)","If the state had to raise taxes, what share of the tax increase should come from increased income taxes and what share from increased sales taxes? Choose a point along the scale from 100 percent from sales (and none from income) to 100 percent from income (and none from sales). The point in the middle means that any increase in taxes should come equally from sales and income taxes. If you are Not sure, or don't know, please check the 'not sure' box."
2014,NA,"case_id","V101","Respondent ID","Case ID"
2015,"guns","guns_bgchecks","CC15_320a","Background checks for guns for all sales","On the issue of gun regulation, are you for or against each of the following proposals? Background checks for all sales, including at gun shows and over the Internet"
2015,"guns","guns_names","CC15_320b","Prohibit state and local publishing gun owner names","On the issue of gun regulation, are you for or against each of the following proposals? Prohibit state and local governments from publishing the names and addresses of all gun owners"
2015,"guns","guns_assaultban","CC15_320c","Ban assault rifles","On the issue of gun regulation, are you for or against each of the following proposals? Ban assault rifles"
2015,"guns","guns_permits","CC15_320d","Ease ability to obtain concealed-carry permits","On the issue of gun regulation, are you for or against each of the following proposals? Make it easier for people to obtain concealed-carry permit"
2015,"immigration","immig_legalize","CC15_321_1","Grant conditional legal status to undocumented","What do you think the U.S. government should do about immigration? Select all that apply. Grant legal status to all illegal immigrants who have held jobs and paid taxes for at least 3 years, and not been convicted of any felony crimes."
2015,"immigration","immig_border","CC15_321_2","Increase border security between US-Mexico","What do you think the U.S. government should do about immigration? Select all that apply. Increase the number of border patrols on the US-Mexican border."
2015,"immigration","immig_police","CC15_321_3","Allow police questioning of suspected undocumented","What do you think the U.S. government should do about immigration? Select all that apply. Allow police to question anyone they think may be in the country illegally."
2015,"immigration","immig_employer","CC15_321_4","Sanction employers hiring undocumented","What do you think the U.S. government should do about immigration? Select all that apply. Fine US businesses that hire illegal immigrants."
2015,"abortion","abortion_always","CC15_322a","Always allow abortion","Do you support or oppose each of the following proposals? Always allow a woman to obtain an abortion as a matter of choice"
2015,"abortion","abortion_conditional","CC15_322b","Allow abortion only under certain cases","Do you support or oppose each of the following proposals? Permit abortion ONLY in case of rape, incest or when the woman's life is in danger"
2015,"abortion","abortion_20weeks","CC15_322c","Ban abortion after 20 weeks","Do you support or oppose each of the following proposals? Ban abortions after the 20th week of pregnancy"
2015,"abortion","abortion_coverage","CC15_322d","Employer coverage of abortion","Do you support or oppose each of the following proposals? Allow employers to decline coverage of abortions in insurance plans"
2015,"abortion","abortion_expenditures","CC15_322e","Prohibit expenditures for abortion","Do you support or oppose each of the following proposals? Prohibit the expenditure of funds authorized or appropriated by federal law for any abortion."
2015,"abortion","abortion_prohibition","CC15_322f","Total prohibition of abortion","Do you support or oppose each of the following proposals? Make abortions illegal in all circumstances."
2015,"environment","enviro_carbon","CC15_323_1","Allow EPA to regulate carbon dioxide emissions","Do you support or oppose each of the following proposals? Give Environmental Protection Agency power to regulate Carbon Dioxide emissions"
2015,"environment","enviro_35mpg","CC15_323_2","Raise fuel efficiency from 25 to 35 mpg","Do you support or oppose each of the following proposals? Raise required fuel efficiency for the average automobile from 25 mpg to 35 mpg."
2015,"environment","enviro_renewable","CC15_323_3","Require states use a minimum amount of renewable fuels","Do you support or oppose each of the following proposals? Require that each state use a minimum amount of renewable fuels (wind, solar, and hydroelectric) in the generation of electricity even if electricity prices increase a little"
2015,"environment","enviro_airwateracts","CC15_323_4","Strengthen EPA enforcement of Clean Air and Water acts","Do you support or oppose each of the following proposals? Strengthen the Environmental Protection Agency enforcement of the Clean Air Act and Clean Water Act even if costs US jobs"
2015,"military","military_oil","CC15_324_1","Approve of military ensuring oil supply","Would you approve of the use of U.S. military troops in order to...? Ensure the supply of oil"
2015,"military","military_terroristcamp","CC15_324_2","Approve of military to destroy terrorist camp","Would you approve of the use of U.S. military troops in order to...? Destroy a terrorist camp"
2015,"military","military_genocide","CC15_324_3","Approve of military to intervene in genocide or civil war","Would you approve of the use of U.S. military troops in order to...? Intervene in a region where there is genocide or a civil war"
2015,"military","military_democracy","CC15_324_4","Approve of military to assist in spread democracy","Would you approve of the use of U.S. military troops in order to...? Assist the spread of democracy"
2015,"military","military_protectallies","CC15_324_5","Approve of military to protect US allies under attack","Would you approve of the use of U.S. military troops in order to...? Protect American allies under attack by foreign nations"
2015,"military","military_helpun","CC15_324_6","Approve of military to help the United Nations uphold international law","Would you approve of the use of U.S. military troops in order to...? Help the United Nations uphold international law"
2015,"miscellaneous","gaymarriage","CC15_325","Opposition to gay marriage","Do you favor or oppose allowing gays and lesbians to marry legally?"
2015,"miscellaneous","repealaca","CC15_327A","Repeal the Affordable Care Act","Congress considered many important bills over the past few years. For each of the following tell us whether you support or oppose the legislation in principle. Repeal Affordable Care Act. Would repeal the Affordable Care Act."
2015,"spending","spending_vs_tax","CC15_331","Preference scale from 0 (increasing taxes) to 100 (spending cuts on education, health care, welfare and construction)","If your state were to have a budget deficit this year it would have to raise taxes on income and sales or cut spending, such as on education, health care, welfare, and road construction. What would you prefer more raising taxes or cutting spending? Choose a point along the scale from 100 percent tax increases (and no spending cuts) to 100 percent spending cuts (and no tax increases). The point in the middle means that the budget should be balanced with equal amounts of spending cuts and tax increases. If you are Not sure, or don't know, please check the 'Not sure' box."
2015,"miscellaneous","incometax_vs_salestax","CC15_332","Preference scale from 0 (increase income tax) to 100 (increase sales tax)","If the state had to raise taxes, what share of the tax increase should come from increased income taxes and what share from increased sales taxes? Choose a point along the scale from 100 percent from sales (and none from income) to 100 percent from income (and none from sales). The point in the middle means that any increase in taxes should come equally from sales and income taxes. If you are Not sure, or don't know, please check the 'Not sure' box."
2015,"spending","spending_cuts_most","CC15_333a","Most preferred spending cut option (1=Defense, 2=Domestic, 3=Raise taxes)","The federal budget deficit is approximately 1 trillion this year. If the Congress were to balance the budget it would have to consider cutting defense spending, cutting domestic spending (such as Medicare and Social Security), or raising taxes to cover the deficit. What would you most prefer that Congress do - cut domestic spending, cut defense spending, or raise taxes?"
2015,"spending","spending_cuts_least","CC15_333b","Least preferred spending cut option (1=Defense, 2=Domestic, 3=Raise taxes)","The federal budget deficit is approximately 1 trillion this year. If the Congress were to balance the budget it would have to consider cutting defense spending, cutting domestic spending (such as Medicare and Social Security), or raising taxes to cover the deficit. What do you least want Congress to do?"
2015,NA,"case_id","V101","Respondent ID","Case ID"
2016,"guns","guns_bgchecks","CC16_330a","Background checks for guns for all sales","On the issue of gun regulation, do you support or oppose each of the following proposals? Background checks for all sales, including at gun shows and over the Internet"
2016,"guns","guns_names","CC16_330b","Prohibit state and local publishing gun owner names","On the issue of gun regulation, do you support or oppose each of the following proposals? Prohibit state and local governments from publishing the names and addresses of all gun owners"
2016,"guns","guns_assaultban","CC16_330d","Ban assault rifles","On the issue of gun regulation, do you support or oppose each of the following proposals? Ban assault rifles"
2016,"guns","guns_permits","CC16_330e","Ease ability to obtain concealed-carry permits","On the issue of gun regulation, do you support or oppose each of the following proposals? Make it easier for people to obtain concealed-carry permit"
2016,"immigration","immig_legalize","CC16_331_1","Grant conditional legal status to undocumented","What do you think the U.S. government should do about immigration? Select all that apply. Immigration - Grant legal status to all illegal immigrants who have held jobs and paid taxes for at least 3 years, and not been convicted of any felony crimes"
2016,"immigration","immig_border","CC16_331_2","Increase border security between US-Mexico","What do you think the U.S. government should do about immigration? Select all that apply. Immigration - Increase the number of border patrols on the U.S.-Mexican border"
2016,"immigration","immig_employer","CC16_331_4","Sanction employers hiring undocumented","What do you think the U.S. government should do about immigration? Select all that apply. Immigration - Fine U.S. businesses that hire illegal immigrants"
2016,"abortion","abortion_always","CC16_332a","Always allow abortion","Do you support or oppose each of the following proposals? Always allow a woman to obtain an abortion as a matter of choice"
2016,"abortion","abortion_conditional","CC16_332b","Allow abortion only under certain cases","Do you support or oppose each of the following proposals? Permit abortion only in case of rape, incest or when the woman's life is in danger"
2016,"abortion","abortion_20weeks","CC16_332c","Ban abortion after 20 weeks","Do you support or oppose each of the following proposals? Prohibit all abortions after the 20th week of pregnancy"
2016,"abortion","abortion_coverage","CC16_332d","Employer coverage of abortion","Do you support or oppose each of the following proposals? Allow employers to decline coverage of abortions in insurance plans"
2016,"abortion","abortion_expenditures","CC16_332e","Prohibit expenditures for abortion","Do you support or oppose each of the following proposals? Prohibit the expenditure of funds authorized or appropriated by federal law for any abortion"
2016,"abortion","abortion_prohibition","CC16_332f","Total prohibition of abortion","Do you support or oppose each of the following proposals? Make abortions illegal in all circumstances"
2016,"environment","enviro_carbon","CC16_333a","Allow EPA to regulate carbon dioxide emissions","Do you support or oppose each of the following proposals? Give Environmental Protection Agency power to regulate Carbon Dioxide emissions"
2016,"environment","enviro_35mpg","CC16_333b","Raise fuel efficiency from 25 to 35 mpg","Do you support or oppose each of the following proposals? Raise required fuel efficiency for the average automobile from 25 mpg to 35 mpg."
2016,"environment","enviro_renewable","CC16_333c","Require states use a minimum amount of renewable fuels","Do you support or oppose each of the following proposals? Require that each state use a minimum amount of renewable fuels (wind, solar, and hydroelectric) in the generation of electricity even if electricity prices increase somewhat"
2016,"environment","enviro_airwateracts","CC16_333d","Strengthen EPA enforcement of Clean Air and Water acts","Do you support or oppose each of the following proposals? Strengthen enforcement of the Clean Air Act and Clean Water Act even if costs US jobs"
2016,"miscellaneous","gaymarriage","CC16_335","Opposition to gay marriage","Do you favor or oppose allowing gays and lesbians to marry legally?"
2016,"miscellaneous","repealaca","CC16_351I","Repeal the Affordable Care Act","Congress considers many issues. If you were in Congress would you vote FOR or AGAINST each of the following? Repeal Affordable Care Act. Would repeal the Affordable Care Act of 2009 (also known as Obamacare)."
2016,"military","military_oil","CC16_414_1","Approve of military ensuring oil supply","Would you approve of the use of U.S. military troops in order to...? Ensure the supply of oil"
2016,"military","military_terroristcamp","CC16_414_2","Approve of military to destroy terrorist camp","Would you approve of the use of U.S. military troops in order to...? Destroy a terrorist camp"
2016,"military","military_genocide","CC16_414_3","Approve of military to intervene in genocide or civil war","Would you approve of the use of U.S. military troops in order to...? Intervene in a region where there is genocide or a civil war"
2016,"military","military_democracy","CC16_414_4","Approve of military to assist in spread democracy","Would you approve of the use of U.S. military troops in order to...? Assist the spread of democracy"
2016,"military","military_protectallies","CC16_414_5","Approve of military to protect US allies under attack","Would you approve of the use of U.S. military troops in order to...? Protect American allies under attack by foreign nations"
2016,"military","military_helpun","CC16_414_6","Approve of military to help the United Nations uphold international law","Would you approve of the use of U.S. military troops in order to...? Help the United Nations uphold international law"
2016,"spending","spending_vs_tax","CC16_415r","Preference scale from 0 (increasing taxes) to 100 (spending cuts on education, health care, welfare and construction)","If your state were to have a budget deficit this year it would have to raise taxes on income and sales or cut spending, such as on education, health care, welfare, and road construction. What would you prefer more, raising taxes or cutting spending? Choose a point along the scale from 100"
2016,"miscellaneous","incometax_vs_salestax","CC16_416r","Preference scale from 0 (increase income tax) to 100 (increase sales tax)","If the state had to raise taxes, what share of the tax increase should come from increased income taxes and what share from increased sales taxes? Choose a point along the scale from 100"
2016,"spending","spending_welfare","CC16_426_1","Spending preferences on welfare (1 = Increase, 3 = Maintain, 5 = Decrease)","State legislatures must make choices when making spending decisions on important state programs. Would you like your legislature to increase or decrease spending on the five areas below? Welfare"
2016,"spending","spending_healthcare","CC16_426_2","Spending preferences on health care (1 = Increase, 3 = Maintain, 5 = Decrease)","State legislatures must make choices when making spending decisions on important state programs. Would you like your legislature to increase or decrease spending on the five areas below? Health Care"
2016,"spending","spending_education","CC16_426_3","Spending preferences on education (1 = Increase, 3 = Maintain, 5 = Decrease)","State legislatures must make choices when making spending decisions on important state programs. Would you like your legislature to increase or decrease spending on the five areas below? Education"
2016,"spending","spending_police","CC16_426_4","Spending preferences on law enforcement (1 = Increase, 3 = Maintain, 5 = Decrease)","State legislatures must make choices when making spending decisions on important state programs. Would you like your legislature to increase or decrease spending on the five areas below? Law Enforcement"
2016,"spending","spending_infrastructure","CC16_426_5","Spending preferences on transportation/infrastructure (1 = Increase, 3 = Maintain, 5 = Decrease)","State legislatures must make choices when making spending decisions on important state programs. Would you like your legislature to increase or decrease spending on the five areas below? Transportation/Infrastructure"
2016,NA,"case_id","V101","Respondent ID","Case ID"
2017,"guns","guns_bgchecks","CC17_330a","Background checks for guns for all sales","On the issue of gun regulation, are you for or against each of the following proposals? Background checks for all sales, including at gun shows and over the Internet"
2017,"guns","guns_names","CC17_330b","Prohibit state and local publishing gun owner names","On the issue of gun regulation, are you for or against each of the following proposals? Prohibit state and local governments from publishing the names and addresses of all gun owners"
2017,"guns","guns_assaultban","CC17_330c","Ban assault rifles","On the issue of gun regulation, are you for or against each of the following proposals? Ban assault rifles"
2017,"guns","guns_permits","CC17_330d","Ease ability to obtain concealed-carry permits","On the issue of gun regulation, are you for or against each of the following proposals? Make it easier for people to obtain concealed-carry permit"
2017,"immigration","immig_legalize","CC17_331_1","Grant conditional legal status to undocumented","What do you think the U.S. government should do about immigration? Select all that apply. Grant legal status to all illegal immigrants who have held jobs and paid taxes for at least 3 years, and not been convicted of any felony crimes."
2017,"immigration","immig_border","CC17_331_2","Increase border security between US-Mexico","What do you think the U.S. government should do about immigration? Select all that apply. Increase the number of border patrols on the U.S.-Mexican border."
2017,"immigration","immig_police","CC17_331_3","Allow police questioning of suspected undocumented","What do you think the U.S. government should do about immigration? Select all that apply. Allow police to question anyone they think may be in the country illegally."
2017,"immigration","immig_employer","CC17_331_4","Sanction employers hiring undocumented","What do you think the U.S. government should do about immigration? Select all that apply. Fine U.S. businesses that hire illegal immigrants."
2017,"abortion","abortion_always","CC17_332a","Always allow abortion","Do you support or oppose each of the following proposals? Always allow a woman to obtain an abortion as a matter of choice"
2017,"abortion","abortion_conditional","CC17_332b","Allow abortion only under certain cases","Do you support or oppose each of the following proposals? Permit abortion only in case of rape, incest or when the woman's life is in danger"
2017,"abortion","abortion_20weeks","CC17_332c","Ban abortion after 20 weeks","Do you support or oppose each of the following proposals? Ban abortions after the 20th week of pregnancy"
2017,"abortion","abortion_coverage","CC17_332d","Employer coverage of abortion","Do you support or oppose each of the following proposals? Allow employers to decline coverage of abortions in insurance plans"
2017,"abortion","abortion_expenditures","CC17_332e","Prohibit expenditures for abortion","Do you support or oppose each of the following proposals? Prohibit the expenditure of funds authorized or appropriated by federal law for any abortion."
2017,"abortion","abortion_prohibition","CC17_332f","Total prohibition of abortion","Do you support or oppose each of the following proposals? Make abortion illegal in all circumstances."
2017,"environment","enviro_carbon","CC17_333a","Allow EPA to regulate carbon dioxide emissions","Do you support or oppose each of the following proposals? Give Environmental Protection Agency power to regulate Carbon Dioxide emissions."
2017,"environment","enviro_35mpg","CC17_333b","Raise fuel efficiency from 25 to 35 mpg","Do you support or oppose each of the following proposals? Raise required fuel efficiency for the average automobile from 25 mpg to 35 mpg."
2017,"environment","enviro_renewable","CC17_333c","Require states use a minimum amount of renewable fuels","Do you support or oppose each of the following proposals? Require that each state use a minimum amount of renewable fuels (wind, solar, and hydroelectric) in the generation of electricity even if the electricity prices increase a little."
2017,"environment","enviro_airwateracts","CC17_333d","Strengthen EPA enforcement of Clean Air and Water acts","Do you support or oppose each of the following proposals? Strengthen the Environmental Protection Agency enforcement of the Clean Air Act and Clean Water Act even if it costs U.S. jobs."
2017,"miscellaneous","repealaca","CC17_340A","Repeal the Affordable Care Act","Congress considered many important bills over the past few years. For each of the following tell us whether you support or oppose the legislation in principle. Repeal Affordable Care Act. Would repeal the Affordable Care Act."
2017,"spending","spending_vs_tax","CC17_343","Preference scale from 0 (increasing taxes) to 100 (spending cuts on education, health care, welfare and construction)","If your state were to have a budget deficit this year it would have to raise taxes on income and sales or cut spending, such as on education, health care, welfare, and road construction. What would you prefer more raising taxes or cutting spending? Choose a point along the scale from 100 percent tax increases (and no spending cuts) to 100 percent spending cuts (and no tax increases). The point in the middle means that the budget should be balanced with equal amounts of spending cuts and tax increases. If you are Not sure, or don't know, please check the 'Not sure' box."
2017,"miscellaneous","incometax_vs_salestax","CC17_344","Preference scale from 0 (increase income tax) to 100 (increase sales tax)","If the state had to raise taxes, what share of the tax increase should come from increased income taxes and what share from increased sales taxes? Choose a point along the scale from 100 percent from sales (and none from income) to 100 percent from income (and none from sales). The point in the middle means that any increase in taxes should come equally from sales and income taxes. If you are Not sure, or don't know, please check the 'Not sure' box."
2017,"spending","spending_cuts_most","CC17_345a","Most preferred spending cut option (1=Defense, 2=Domestic, 3=Raise taxes)","The federal budget deficit is approximately 700 billion this year. If the Congress were to balance the budget it would have to consider cutting defense spending, cutting domestic spending (such as Medicare and Social Security), or raising taxes to cover the deficit. What would you most prefer that Congress do - cut domestic spending, cut defense spending, or raise taxes?"
2017,"spending","spending_cuts_least","CC17_345b","Least preferred spending cut option (1=Defense, 2=Domestic, 3=Raise taxes)","The federal budget deficit is approximately 700 billion this year. If the Congress were to balance the budget it would have to consider cutting defense spending, cutting domestic spending (such as Medicare and Social Security), or raising taxes to cover the deficit. What do you least want Congress to do?"
2017,NA,"case_id","V101","Respondent ID","Case ID"
2018,NA,"case_id","caseid","Respondent ID","Case ID"
2018,"guns","guns_bgchecks","CC18_320a","Background checks for guns for all sales","On the issue of gun regulation, are you for or against each of the following proposals? Background checks for all sales, including at gun shows and over the Internet"
2018,"guns","guns_assaultban","CC18_320c","Ban assault rifles","On the issue of gun regulation, are you for or against each of the following proposals? Ban assault rifles"
2018,"guns","guns_permits","CC18_320d","Ease ability to obtain concealed-carry permits","On the issue of gun regulation, are you for or against each of the following proposals? Make it easier for people to obtain concealed-carry permit"
2018,"abortion","abortion_always","CC18_321a","Always allow abortion","Do you support or oppose each of the following proposals? Always allow a woman to obtain an abortion as a matter of choice"
2018,"abortion","abortion_conditional","CC18_321b","Allow abortion only under certain cases","Do you support or oppose each of the following proposals? Permit abortion ONLY in case of rape, incest or when the woman's life is in danger"
2018,"abortion","abortion_20weeks","CC18_321c","Ban abortion after 20 weeks","Do you support or oppose each of the following proposals? Ban abortions after the 20th week of pregnancy"
2018,"abortion","abortion_coverage","CC18_321d","Employer coverage of abortion","Do you support or oppose each of the following proposals? Allow employers to decline coverage of abortions in insurance plans"
2018,"abortion","abortion_expenditures","CC18_321e","Prohibit expenditures for abortion","Do you support or oppose each of the following proposals? Prohibit the expenditure of funds authorized or appropriated by federal law for any abortion."
2018,"abortion","abortion_prohibition","CC18_321f","Total prohibition of abortion","Do you support or oppose each of the following proposals? Make abortion illegal in all circumstances."
2018,"immigration","immig_border","CC18_322a","Increase border security between US-Mexico","What do you think the U.S. government should do about immigration? Do you support or oppose each of the following? Increase spending on border security by 25 billion, including building a wall between the U.S. and Mexico."
2018,"miscellaneous","repealaca","CC18_327c","Repeal the Affordable Care Act","Thinking now about health care policy, would you support or oppose each of the following proposals? Health Care – Repeal the entire Affordable Care Act."
2018,"environment","enviro_carbon","CC18_415a","Allow EPA to regulate carbon dioxide emissions","Do you support or oppose each of the following proposals? Give the Environmental Protection Agency power to regulate Carbon Dioxide emissions"
2018,"environment","enviro_35mpg","CC18_415b","Raise fuel efficiency from 25 to 35 mpg","Do you support or oppose each of the following proposals? Lower the required fuel efficiency for the average automobile from 35 mpg to 25 mpg."
2018,"environment","enviro_renewable","CC18_415c","Require states use a minimum amount of renewable fuels","Do you support or oppose each of the following proposals? Require that each state use a minimum amount of renewable fuels (wind, solar, and hydroelectric) in the generation of electricity even if electricity prices increase"
2018,"environment","enviro_airwateracts","CC18_415d","Strengthen EPA enforcement of Clean Air and Water acts","Do you support or oppose each of the following proposals? Strengthen the Environmental Protection Agency enforcement of the Clean Air Act and Clean Water Act even if it costs US jobs"
2018,"spending","spending_welfare","CC18_426_1","Spending preferences on welfare (1 = Increase, 3 = Maintain, 5 = Decrease)","State legislatures must make choices when making spending decisions on important state programs. Would you like your legislature to increase or decrease spending on the five areas below? Welfare"
2018,"spending","spending_healthcare","CC18_426_2","Spending preferences on health care (1 = Increase, 3 = Maintain, 5 = Decrease)","State legislatures must make choices when making spending decisions on important state programs. Would you like your legislature to increase or decrease spending on the five areas below? Health Care"
2018,"spending","spending_education","CC18_426_3","Spending preferences on education (1 = Increase, 3 = Maintain, 5 = Decrease)","State legislatures must make choices when making spending decisions on important state programs. Would you like your legislature to increase or decrease spending on the five areas below? Education"
2018,"spending","spending_police","CC18_426_4","Spending preferences on law enforcement (1 = Increase, 3 = Maintain, 5 = Decrease)","State legislatures must make choices when making spending decisions on important state programs. Would you like your legislature to increase or decrease spending on the five areas below? Law Enforcement"
2018,"spending","spending_infrastructure","CC18_426_5","Spending preferences on transportation/infrastructure (1 = Increase, 3 = Maintain, 5 = Decrease)","State legislatures must make choices when making spending decisions on important state programs. Would you like your legislature to increase or decrease spending on the five areas below? Transportation/Infrastructure"
2019,NA,"case_id","caseid","Respondent ID","Case ID"
2019,"guns","guns_bgchecks","CC19_320a","Background checks for guns for all sales","Background checks for all gun sales, including at gun shows and over the Internet"
2019,"guns","guns_assaultban","CC19_320c","Ban assault rifles","Ban assault rifles"
2019,"guns","guns_permits","CC19_320d","Ease ability to obtain concealed-carry permits","Make it easier for people to obtain concealed-carry permit"
2019,"abortion","abortion_always","CC19_321a","Always allow abortion","Always allow a woman to obtain an abortion as a matter of choice"
2019,"abortion","abortion_conditional","CC19_321b","Allow abortion only under certain cases","Permit abortion ONLY in case of rape, incest or when the woman's life is in danger"
2019,"abortion","abortion_20weeks","CC19_321c","Ban abortion after 20 weeks","Ban abortions after the 20th week of pregnancy"
2019,"abortion","abortion_expenditures","CC19_321d","Prohibit expenditures for abortion","Prohibit the expenditure of funds authorized or appropriated by federal law for any abortion except to save the life of the woman, or if the pregnancy arises from incest or rape"
2019,"abortion","abortion_prohibition","CC19_321e","Total prohibition of abortion","Make abortions illegal in all circumstances"
2019,"immigration","immig_legalize","CC19_322d","Grant conditional legal status to undocumented","Grant legal status to all illegal immigrants who have held jobs and paid taxes for at least 3 years, and not been convicted of any felony crimes."
2019,"immigration","immig_border","CC19_322e","Increase border security between US-Mexico","Increase the number of border patrols on the U.S.-Mexican border."
2019,"miscellaneous","repealaca","CC19_327d","Repeal the Affordable Care Act","Repeal the entire Affordable Care Act."
2019,"environment","enviro_carbon","CC19_340a","Allow EPA to regulate carbon dioxide emissions","Give the Environmental Protection Agency power to regulate Carbon Dioxide emissions"
2019,"environment","enviro_renewable","CC19_340b","Require states use a minimum amount of renewable fuels","Require that each state use a minimum amount of renewable fuels (wind, solar, and hydroelectric) in the generation of electricity even if electricity prices increase a little"
2019,"environment","enviro_airwateracts","CC19_340c","Strengthen EPA enforcement of Clean Air and Water acts","Strengthen the Environmental Protection Agency enforcement of the Clean Air Act and Clean Water Act even if it costs U.S. jobs"
